t,step,run_id,sat_id,station_id,active,beam,channel,elev_deg,az_deg,range_km,scan_deg,snr_db,sinr_db,inr_db,ber,rain_fade_db,alloc_bw_hz,alloc_power_w,rate_bps,clean_rate_bps,bits_delivered,slewing,session_age_s
0.0,0,52bb211583b2,SAT-000,Ahmedabad-SAC,True,0,0,66.49219088909693,213.89531078426816,649.0590812208792,23.507809110903068,16.52368841973785,9.792617884375417,5.6948327315487735,0.0010086613663677954,3.0,50000000.0,3.9545454545454546,169847064.7125926,275000000.0,1358776517.7007408,True,0.0
0.0,0,52bb211583b2,SAT-001,Delhi,False,,,32.38089918848544,215.83809348224742,1020.496767670205,57.61910081151456,13.613881000931258,13.613881000931258,-300.0,8.176204847927534e-07,0.0,50000000.0,5,0.0,229194048.2067906,0.0,False,0.0
0.0,0,52bb211583b2,SAT-001,Ahmedabad-SAC,True,1,0,86.79017863010652,154.90419572712315,600.8614556316081,3.2098213698934757,16.897565618335108,12.810545045531828,1.9388264472952708,6.199224026763227e-06,3.0,50000000.0,3.090909090909091,216459515.9808783,275000000.0,1731676127.8470263,True,0.0
0.0,0,52bb211583b2,SAT-002,Delhi,True,0,0,42.59751845110583,213.15961219362728,845.3491595785663,47.40248154889417,16.527467804877745,10.550858191907327,4.712459234464561,0.00037676256059073117,0.0,50000000.0,4.818181818181818,181335688.74445364,275000000.0,1450685509.955629,True,0.0
0.0,0,52bb211583b2,SAT-002,Ahmedabad-SAC,False,,,68.77453623030809,48.30941269992389,639.5380953479497,21.225463769691913,17.821852086384837,17.821852086384837,-300.0,3.568646716469545e-15,3.0,50000000.0,5,0.0,275000000.0,0.0,False,0.0
0.0,0,52bb211583b2,SAT-003,Delhi,True,1,0,56.84208754347515,207.1558083520692,703.991232424532,33.15791245652485,17.473957911281758,10.838407847035077,5.573208535017169,0.00024815998157815363,0.0,50000000.0,3.090909090909091,185736679.15594333,275000000.0,1485893433.2475467,True,0.0
0.0,0,52bb211583b2,SAT-003,Ahmedabad-SAC,False,,,50.96044269080112,44.404899995928325,751.7597362229473,39.03955730919888,14.679050605625704,14.679050605625704,-300.0,2.9896932316171615e-08,3.0,50000000.0,5,0.0,246228929.11485592,0.0,False,0.0
0.0,0,52bb211583b2,SAT-004,Delhi,True,2,0,74.64721411707687,183.80373290821362,620.1982310919553,15.35278588292313,17.99710078504758,12.28602147455508,4.353414278932785,1.941372437939452e-05,0.0,50000000.0,2.2272727272727275,208206583.0766035,275000000.0,1665652664.612828,True,0.0
0.0,0,52bb211583b2,SAT-004,Ahmedabad-SAC,False,,,38.20261176863807,43.14243893353478,910.629145582205,51.79738823136193,10.640045394457132,10.640045394457132,-300.0,0.0003319126108134239,3.0,50000000.0,5,0.0,182698255.4163318,0.0,False,0.0
0.0,0,52bb211583b2,SAT-005,Delhi,True,3,0,75.50173672632069,84.39269943331475,617.9619390838236,14.498263273679314,18.052156411642102,14.06360430743171,1.7761552559491613,2.2240451422204328e-07,0.0,50000000.0,2.2272727272727275,236367293.80825695,275000000.0,1890938350.4660556,True,0.0
0.0,0,52bb211583b2,SAT-006,Delhi,False,,,57.69359290202389,58.65780675220878,698.0690264677968,32.30640709797611,19.693514856316284,19.693514856316284,-300.0,2.3799722948556176e-22,0.0,50000000.0,5,0.0,275000000.0,0.0,False,0.0
0.0,0,52bb211583b2,SAT-007,Delhi,False,,,43.218729671221986,52.33596617934237,837.1305909707796,46.781270328778014,16.844190119353158,16.844190119353158,-300.0,1.780441825710499e-12,0.0,50000000.0,5,0.0,275000000.0,0.0,False,0.0
0.0,0,52bb211583b2,SAT-008,Delhi,False,,,32.82589485974966,49.56426405141004,1010.9790495804183,57.17410514025034,13.770588814452168,13.770588814452168,-300.0,5.271258956087857e-07,0.0,50000000.0,5,0.0,231690230.74373016,0.0,False,0.0
0.0,0,52bb211583b2,SAT-100,Ahmedabad-SAC,True,2,0,62.39224865999957,185.95126961735616,669.3025723137996,27.607751340000434,16.79614500671893,10.417185830786133,5.242741942282779,0.0004535343719055581,3.0,50000000.0,4.818181818181818,179297746.1873392,275000000.0,1434381969.4987135,True,0.0
0.0,0,52bb211583b2,SAT-101,Bengaluru-ISTRAC,True,0,0,32.88264996421499,328.497653898068,1009.7798348607494,57.11735003578501,16.629537988379113,9.256974831397564,6.494128068803669,0.0018479659048441185,0.0,50000000.0,4.818181818181818,161843572.50543573,275000000.0,1294748580.0434859,True,0.0
0.0,0,52bb211583b2,SAT-101,Ahmedabad-SAC,False,,,48.732200195392394,165.94979151247605,773.394930199589,41.267799804607606,14.105574519689185,14.105574519689185,-300.0,1.9562962432439228e-07,3.0,50000000.0,5,0.0,237038209.4199839,0.0,False,0.0
0.0,0,52bb211583b2,SAT-102,Bengaluru-ISTRAC,True,1,0,43.29892996029619,331.2715292279907,836.0862306156781,46.70107003970381,16.352116419420796,7.748472270351795,7.9591065086471,0.007339772832861905,0.0,50000000.0,2.2272727272727275,139897613.83947924,275000000.0,1119180910.715834,True,0.0
0.0,0,52bb211583b2,SAT-102,Ahmedabad-SAC,False,,,37.32437973144191,157.66023064978936,925.3336237279937,52.67562026855809,10.28255175763475,10.28255175763475,-300.0,0.0005437796325266855,3.0,50000000.0,5,0.0,177250415.50770807,0.0,False,0.0
0.0,0,52bb211583b2,SAT-103,Bengaluru-ISTRAC,True,2,0,57.8062627107091,337.6135349022497,697.3026142737324,32.1937372892909,17.067787226400768,10.014888326052063,6.099455823699459,0.0007682427563822902,0.0,50000000.0,1.3636363636363638,173196424.78737512,275000000.0,1385571398.299001,True,0.0
0.0,0,52bb211583b2,SAT-104,Bengaluru-ISTRAC,True,3,0,75.62687379210288,3.615180413031804,617.6462116165609,14.373126207897116,18.929195429711996,14.720284505235604,2.1369578357059646,2.5872894898068286e-08,0.0,50000000.0,1.3636363636363638,246891361.43366444,275000000.0,1975130891.4693155,True,0.0
0.0,0,52bb211583b2,SAT-105,Bengaluru-ISTRAC,False,,,74.56098652951663,103.182222526906,620.4317207573849,15.439013470483374,24.50332873824702,24.50332873824702,-300.0,1.339316643176744e-63,0.0,50000000.0,5,0.0,275000000.0,0.0,False,0.0
0.0,0,52bb211583b2,SAT-106,Bengaluru-ISTRAC,False,,,56.74528920790508,126.2149707806364,704.6791939484491,33.25471079209492,22.547671958522884,22.547671958522884,-300.0,2.6921027272668426e-41,0.0,50000000.0,5,0.0,275000000.0,0.0,False,0.0
0.0,0,52bb211583b2,SAT-107,Bengaluru-ISTRAC,False,,,42.52505307836873,132.1619248373693,846.3229695108862,47.47494692163127,19.669949170811734,19.669949170811734,-300.0,3.0706374243327975e-22,0.0,50000000.0,5,0.0,275000000.0,0.0,False,0.0
0.0,0,52bb211583b2,SAT-108,Bengaluru-ISTRAC,False,,,32.32833729019204,134.8200664401119,1021.6346063794533,57.67166270980796,16.59521431056325,16.59521431056325,-300.0,7.038772437876262e-12,0.0,50000000.0,5,0.0,275000000.0,0.0,False,0.0
0.0,0,52bb211583b2,SAT-201,Ahmedabad-SAC,True,3,0,32.17070415519318,213.5468602188167,1025.0644657177122,57.82929584480682,10.914932182613029,8.279599789117455,-0.7853953459144886,0.004742498902575315,3.0,50000000.0,10,147515454.93215278,142124106.7513101,1180123639.4572222,True,0.0
0.0,0,52bb211583b2,SAT-202,Ahmedabad-SAC,False,,,42.3024306633677,210.89062082130084,849.3346676310841,47.6975693366323,12.155828953773053,12.155828953773053,-300.0,2.5267528483752583e-05,3.0,50000000.0,5,0.0,206166474.0311447,0.0,False,0.0
0.0,0,52bb211583b2,SAT-203,Ahmedabad-SAC,False,,,56.43054528856323,204.98621334152006,706.937247876596,33.56945471143677,15.89761526171975,15.89761526171975,-300.0,2.2497297113630658e-10,3.0,50000000.0,5,0.0,265885386.54766977,0.0,False,0.0
0.0,0,52bb211583b2,SAT-204,Ahmedabad-SAC,False,,,74.19108065181045,182.54834373726763,621.4497886567825,15.808919348189548,18.360397825648818,18.360397825648818,-300.0,6.169071974540567e-17,3.0,50000000.0,5,0.0,275000000.0,0.0,False,0.0
0.0,0,52bb211583b2,SAT-205,Delhi,False,,,36.59445776292395,209.21990296213096,938.0218394359968,53.40554223707605,15.008045084489396,15.008045084489396,-300.0,9.082633559181686e-09,0.0,50000000.0,5,0.0,251519917.20991278,0.0,False,0.0
0.0,0,52bb211583b2,SAT-205,Ahmedabad-SAC,False,,,75.8416121403089,83.81901775057372,617.1113640933632,14.158387859691103,18.491124412404375,18.491124412404375,-300.0,2.1327901599276367e-17,3.0,50000000.0,5,0.0,275000000.0,0.0,False,0.0
0.0,0,52bb211583b2,SAT-206,Delhi,False,,,48.14898782954213,203.1314874142904,779.4202986174972,41.85101217045787,17.97489656558598,17.97489656558598,-300.0,1.1841357115982678e-15,0.0,50000000.0,5,0.0,275000000.0,0.0,False,0.0
0.0,0,52bb211583b2,SAT-206,Ahmedabad-SAC,False,,,58.081495273937776,56.746943885059345,695.447055292776,31.918504726062224,16.217297387532113,16.217297387532113,-300.0,4.919221422662585e-11,3.0,50000000.0,5,0.0,271066725.293898,0.0,False,0.0
0.0,0,52bb211583b2,SAT-207,Delhi,False,,,63.0815556073455,187.75967955409973,665.6008156057562,26.9184443926545,20.427747644756494,20.427747644756494,-300.0,4.105259002526679e-26,0.0,50000000.0,5,0.0,275000000.0,0.0,False,0.0
0.0,0,52bb211583b2,SAT-207,Ahmedabad-SAC,False,,,43.50751024861544,50.22090188939608,833.3877143011333,46.49248975138456,12.5579573887334,12.5579573887334,-300.0,1.0920062819775005e-05,3.0,50000000.0,5,0.0,212478711.46397263,0.0,False,0.0
0.0,0,52bb211583b2,SAT-208,Delhi,False,,,74.05590282729757,133.95527185065194,621.8285021043573,15.944097172702428,21.46904248246048,21.46904248246048,-300.0,1.1733228487481366e-32,0.0,50000000.0,5,0.0,275000000.0,0.0,False,0.0
0.0,0,52bb211583b2,SAT-208,Ahmedabad-SAC,False,,,33.03410460077607,47.3823735381801,1006.595712025694,56.96589539922393,8.339912238168083,8.339912238168083,-300.0,0.004498936283677301,3.0,50000000.0,5,0.0,148388394.72515032,0.0,False,0.0
0.0,0,52bb211583b2,SAT-209,Delhi,False,,,63.737008143166584,77.86599162641036,662.1958782380508,26.262991856833416,20.50654645336546,20.50654645336546,-300.0,1.481580605655798e-26,0.0,50000000.0,5,0.0,275000000.0,0.0,False,0.0
0.0,0,52bb211583b2,SAT-301,Guwahati,True,0,0,33.63012897271609,229.89488581545638,994.2885887120267,56.36987102728391,14.15539135064735,6.454822603158879,6.892384912793679,0.01775366413837772,0.5,50000000.0,10,121922768.53764002,190455012.84920415,975382148.3011202,True,0.0
0.0,0,52bb211583b2,SAT-302,Guwahati,True,1,0,44.3379689416956,232.8937758285692,822.891119993841,45.6620310583044,17.41202891190278,10.499770887440754,5.923579680311326,0.00040469129735067305,0.5,50000000.0,10,180556214.29226092,241779163.10843283,1444449714.3380873,True,0.0
0.0,0,52bb211583b2,SAT-303,Guwahati,True,2,0,59.20243400889148,239.95501850660156,688.1295981633468,30.79756599110852,16.3142557705294,9.796275972217481,5.422485101736307,0.0010042559979615592,0.5,50000000.0,3.9545454545454546,169902058.32985646,275000000.0,1359216466.6388516,True,0.0
0.0,0,52bb211583b2,SAT-304,Guwahati,True,3,0,76.81459309236432,271.014106923363,614.7971469008188,13.18540690763568,17.039965791283862,13.236426604321421,1.4637259610458353,2.215260161927994e-06,0.5,50000000.0,3.090909090909091,223197267.47130337,275000000.0,1785578139.770427,True,0.0
0.0,0,52bb211583b2,SAT-305,Guwahati,False,,,72.97036654313317,7.76356106903446,625.0006146750055,17.029633456866833,18.868503558461995,18.868503558461995,-300.0,8.276226905464828e-19,0.5,50000000.0,5,0.0,275000000.0,0.0,False,0.0
0.0,0,52bb211583b2,SAT-306,Guwahati,False,,,55.320662792056616,27.777323895199377,715.1626675268562,34.679337207943384,16.710752562204362,16.710752562204362,-300.0,3.755272192524679e-12,0.5,50000000.0,5,0.0,275000000.0,0.0,False,0.0
0.0,0,52bb211583b2,SAT-307,Guwahati,False,,,41.50176745229671,33.356138003017165,860.4207894125013,48.49823254770329,13.651071804547058,13.651071804547058,-300.0,7.377462608673853e-07,0.5,50000000.0,5,0.0,229786121.61701342,0.0,False,0.0
0.0,0,52bb211583b2,SAT-308,Guwahati,False,,,31.597539330413376,35.921188158367386,1037.7599970641395,58.402460669586624,10.377896726592382,10.377896726592382,-300.0,0.0004784601651002471,0.5,50000000.0,5,0.0,178699738.30011564,0.0,False,0.0
10.0,1,52bb211583b2,SAT-000,Ahmedabad-SAC,True,0,0,72.66307277389232,212.35068035467978,625.9412947620546,17.336927226107676,17.206970439917015,12.621819235907752,2.728130739885428,9.491684790833367e-06,3.0,50000000.0,3.9545454545454546,213484056.7239674,275000000.0,2134840567.239674,False,10.0
10.0,1,52bb211583b2,SAT-001,Delhi,False,,,35.09832322281185,215.4631774116744,965.4307713191538,54.90167677718815,14.53525934695,14.53525934695,-300.0,4.898785399731326e-08,0.0,50000000.0,5,0.0,243920520.6790872,0.0,False,0.0
10.0,1,52bb211583b2,SAT-001,Ahmedabad-SAC,True,1,0,83.83911204227405,65.49991704634014,603.1831378059928,6.160887957725947,16.826245895740527,13.285793161996848,1.0025724123873005,1.9536473128013693e-06,3.0,50000000.0,3.090909090909091,223980274.6354397,275000000.0,2239802746.354397,False,10.0
10.0,1,52bb211583b2,SAT-002,Delhi,True,0,0,46.40860848118435,212.26429404524256,798.3583388114753,43.59139151881565,16.577790109642024,11.53740175313082,3.408055319831779,8.01346741872297e-05,0.0,50000000.0,3.9545454545454546,196525274.84454313,275000000.0,1965252748.4454312,False,10.0
10.0,1,52bb211583b2,SAT-002,Ahmedabad-SAC,False,,,62.933201443877294,45.84412268576228,666.3869549987959,27.066798556122706,17.040622328507652,17.040622328507652,-300.0,5.692002814132138e-13,3.0,50000000.0,5,0.0,275000000.0,0.0,False,0.0
10.0,1,52bb211583b2,SAT-003,Delhi,True,1,0,62.038744500287564,204.21375822810808,671.2499602006761,27.961255499712436,16.785821612156738,10.598419107168711,4.992222084531436,0.0003522461221810044,0.0,50000000.0,2.2272727272727275,182062026.31685963,275000000.0,1820620263.1685963,False,10.0
10.0,1,52bb211583b2,SAT-003,Ahmedabad-SAC,False,,,46.68476532605765,43.55668869307934,795.2545319227378,43.31523467394235,13.534827939909263,13.534827939909263,-300.0,1.0144576173810033e-06,3.0,50000000.0,5,0.0,227936236.6313479,0.0,False,0.0
10.0,1,52bb211583b2,SAT-004,Delhi,True,2,0,79.22241512491249,161.6788708765179,609.8242176392936,10.777584875087513,18.25401494462595,13.083142194116368,3.5967941733695143,3.24446600180081e-06,0.0,50000000.0,2.2272727272727275,220768598.85561156,275000000.0,2207685988.5561156,False,10.0
10.0,1,52bb211583b2,SAT-004,Ahmedabad-SAC,False,,,35.190904046208665,42.676174722005285,963.6778520534517,54.809095953791335,9.359600931050977,9.359600931050977,-300.0,0.0016542725045779704,3.0,50000000.0,5,0.0,163369242.9368911,0.0,False,0.0
10.0,1,52bb211583b2,SAT-005,Delhi,True,3,0,70.37317427253892,70.60630006618639,633.5606616416026,19.626825727461082,17.67176866527835,13.637325374866439,1.8522674741919418,7.663929723591929e-07,0.0,50000000.0,2.2272727272727275,229567255.4817068,275000000.0,2295672554.817068,False,10.0
10.0,1,52bb211583b2,SAT-006,Delhi,False,,,52.94431334866329,55.67269846019597,734.2214639014894,37.05568665133671,18.909874890401255,18.909874890401255,-300.0,5.696929106945914e-19,0.0,50000000.0,5,0.0,275000000.0,0.0,False,0.0
10.0,1,52bb211583b2,SAT-007,Delhi,False,,,39.767250986765355,51.053169318621165,885.8690480405282,50.232749013234645,15.936989536269849,15.936989536269849,-300.0,1.8765219291790658e-10,0.0,50000000.0,5,0.0,266523053.64120692,0.0,False,0.0
10.0,1,52bb211583b2,SAT-008,Delhi,False,,,30.342310366539557,48.83515888624419,1066.840298257122,59.65768963346044,12.864719212295071,12.864719212295071,-300.0,5.467559885495316e-06,0.0,50000000.0,5,0.0,217314828.96518868,0.0,False,0.0
10.0,1,52bb211583b2,SAT-100,Ahmedabad-SAC,True,2,0,58.1572734526266,178.19512639808397,694.9403001253135,31.842726547373402,16.070601884581436,11.741291316419497,2.329355156756921,5.5716844740664896e-05,3.0,50000000.0,4.818181818181818,199694509.77930495,271296644.18597454,1996945097.7930496,False,10.0
10.0,1,52bb211583b2,SAT-101,Bengaluru-ISTRAC,True,0,0,35.652963813265465,328.8729911419172,955.0433120018164,54.347036186734535,16.694527595527376,9.364623006015501,6.441848747922526,0.0016452310318504572,0.0,50000000.0,3.9545454545454546,163443999.398234,275000000.0,1634439993.98234,False,10.0
10.0,1,52bb211583b2,SAT-101,Ahmedabad-SAC,False,,,44.92627752895664,163.14232573363043,815.6883456069945,45.07372247104336,13.008564502709433,13.008564502709433,-300.0,3.888322713716399e-06,3.0,50000000.0,5,0.0,219588418.76602694,0.0,False,0.0
10.0,1,52bb211583b2,SAT-102,Bengaluru-ISTRAC,True,1,0,47.18949341741528,332.1804925613593,789.6794630774385,42.81050658258472,17.25702921181042,9.131137099911529,7.39979582502725,0.0021098247842352255,0.0,50000000.0,2.2272727272727275,159978051.3502491,275000000.0,1599780513.502491,False,10.0
10.0,1,52bb211583b2,SAT-102,Ahmedabad-SAC,False,,,34.469263279823615,156.3568982020929,977.5478830566722,55.530736720176385,9.028674838321791,9.028674838321791,-300.0,0.0023441664228147194,3.0,50000000.0,5,0.0,158463400.3629261,0.0,False,0.0
10.0,1,52bb211583b2,SAT-103,Bengaluru-ISTRAC,True,2,0,63.08825322091151,340.72778179361205,665.5654601188209,26.91174677908849,17.785849737981124,10.908753456053791,5.879383037538375,0.00022316574923214615,0.0,50000000.0,1.3636363636363638,186816765.22421217,275000000.0,1868167652.2421217,False,10.0
10.0,1,52bb211583b2,SAT-104,Bengaluru-ISTRAC,True,3,0,79.86796213732539,28.877479345980927,608.6698306936205,10.132037862674608,19.152096629637313,14.873157799958305,2.249249077506312,1.4961225449242624e-08,0.0,50000000.0,1.3636363636363638,249349083.66438782,275000000.0,2493490836.643878,False,10.0
10.0,1,52bb211583b2,SAT-105,Bengaluru-ISTRAC,False,,,69.34856840943557,115.55349996603952,637.3278009332801,20.651431590564428,24.093119336610343,24.093119336610343,-300.0,4.6505346410333965e-58,0.0,50000000.0,5,0.0,275000000.0,0.0,False,0.0
10.0,1,52bb211583b2,SAT-106,Bengaluru-ISTRAC,False,,,52.081562763604325,129.11764209113983,741.6583893085942,37.918437236395675,21.75276645891053,21.75276645891053,-300.0,9.985515812168505e-35,0.0,50000000.0,5,0.0,275000000.0,0.0,False,0.0
10.0,1,52bb211583b2,SAT-107,Bengaluru-ISTRAC,False,,,39.145351918710524,133.47095177322058,895.4970690037944,50.854648081289476,18.7624136267183,18.7624136267183,-300.0,2.122452506573014e-18,0.0,50000000.0,5,0.0,275000000.0,0.0,False,0.0
10.0,1,52bb211583b2,SAT-201,Ahmedabad-SAC,True,3,0,34.867451369898156,213.19057652818012,969.8358076703569,55.132548630101844,12.222801634671683,9.699757875461657,-1.0361705931665761,0.001125918265138844,3.0,50000000.0,10,168452540.80814308,161183603.30061948,1684525408.081431,False,10.0
10.0,1,52bb211583b2,SAT-202,Ahmedabad-SAC,False,,,46.083337861847085,210.03184921133607,802.0634929189654,43.916662138152915,13.358716584252946,13.358716584252946,-300.0,1.6185436009329306e-06,3.0,50000000.0,5,0.0,225137648.15372097,0.0,False,0.0
10.0,1,52bb211583b2,SAT-203,Ahmedabad-SAC,False,,,61.598217617964096,202.16772890588067,673.7239671611179,28.401782382035904,16.830663187330458,16.830663187330458,-300.0,1.9223427392107412e-12,3.0,50000000.0,5,0.0,275000000.0,0.0,False,0.0
10.0,1,52bb211583b2,SAT-204,Delhi,False,,,30.419617526436916,211.85360830550906,1064.9968914930041,59.580382473563084,12.89409985095007,12.89409985095007,-300.0,5.104329294825412e-06,0.0,50000000.0,5,0.0,217778916.40364984,0.0,False,0.0
10.0,1,52bb211583b2,SAT-204,Ahmedabad-SAC,False,,,78.9071725795628,161.76725279626152,610.4151559357581,11.092827420437203,18.694124820842163,18.694124820842163,-300.0,3.845369129587829e-18,3.0,50000000.0,5,0.0,275000000.0,0.0,False,0.0
10.0,1,52bb211583b2,SAT-205,Delhi,False,,,39.71043916244693,208.1254868834419,886.73720923086,50.28956083755307,15.921188046723117,15.921188046723117,-300.0,2.0186070478243666e-10,0.0,50000000.0,5,0.0,266267130.8983346,0.0,False,0.0
10.0,1,52bb211583b2,SAT-205,Ahmedabad-SAC,False,,,70.79633307471934,69.20465300037549,632.0703528427877,19.203666925280658,18.04294453138573,18.04294453138573,-300.0,7.161081893695787e-16,3.0,50000000.0,5,0.0,275000000.0,0.0,False,0.0
10.0,1,52bb211583b2,SAT-206,Delhi,False,,,52.38881797003054,200.51672964343587,738.9769564360874,37.61118202996946,18.809258493440623,18.809258493440623,-300.0,1.404281888894764e-18,0.0,50000000.0,5,0.0,275000000.0,0.0,False,0.0
10.0,1,52bb211583b2,SAT-206,Ahmedabad-SAC,False,,,53.30976936461993,53.625592328831246,731.1566233196015,36.69023063538007,15.233794305820993,15.233794305820993,-300.0,3.80601783148994e-09,3.0,50000000.0,5,0.0,255157642.51170933,0.0,False,0.0
10.0,1,52bb211583b2,SAT-207,Delhi,False,,,67.83298413055904,178.67094724547215,643.3220319035228,22.16701586944096,20.949906932853125,20.949906932853125,-300.0,3.3595424462379237e-29,0.0,50000000.0,5,0.0,275000000.0,0.0,False,0.0
10.0,1,52bb211583b2,SAT-207,Ahmedabad-SAC,False,,,40.03167887214703,48.882223701222486,881.8578811967745,49.96832112785297,11.346054434231391,11.346054434231391,-300.0,0.0001110962153894954,3.0,50000000.0,5,0.0,193559851.305886,0.0,False,0.0
10.0,1,52bb211583b2,SAT-208,Delhi,False,,,73.19199867590369,110.30322036338025,624.3339300557714,16.80800132409631,21.407714407970687,21.407714407970687,-300.0,3.158519696194357e-32,0.0,50000000.0,5,0.0,275000000.0,0.0,False,0.0
10.0,1,52bb211583b2,SAT-208,Ahmedabad-SAC,False,,,30.533541708573964,46.61951535983275,1062.2931402311056,59.46645829142604,7.032237623467324,7.032237623467324,-300.0,0.01231855726779373,3.0,50000000.0,5,0.0,129837382.823468,0.0,False,0.0
10.0,1,52bb211583b2,SAT-209,Delhi,False,,,59.15875017612559,70.56084328887214,688.4076747492464,30.841249823874413,19.908838522458737,19.908838522458737,-300.0,2.175072342340052e-23,0.0,50000000.0,5,0.0,275000000.0,0.0,False,0.0
10.0,1,52bb211583b2,SAT-301,Guwahati,True,0,0,36.4359253118751,230.85893946918608,940.8354406738697,53.5640746881249,15.127487533028074,7.440963514796422,6.875461981950642,0.009253615961671277,0.5,50000000.0,10,135547072.71046627,205561636.53896463,1355470727.1046627,False,10.0
10.0,1,52bb211583b2,SAT-302,Guwahati,True,1,0,48.2521468724761,234.70418591829585,778.3431273982426,41.7478531275239,18.336777828139887,11.472512014032878,5.8632327702673255,8.965992162809412e-05,0.5,50000000.0,10,195518661.64876816,256652756.21151862,1955186616.4876816,False,10.0
10.0,1,52bb211583b2,SAT-303,Guwahati,True,2,0,64.35658713218959,244.95541495306753,659.0782799226167,25.64341286781041,17.00564539025781,10.508882159265857,5.395162023194425,0.0003995858690644984,0.5,50000000.0,3.9545454545454546,180695176.5476454,275000000.0,1806951765.4764538,False,10.0
10.0,1,52bb211583b2,SAT-304,Guwahati,True,3,0,79.58746168060888,301.8577810686283,609.1622587239614,10.412538319391118,17.18529730844162,13.230786827521019,1.7193503129724763,2.2470983599449768e-06,0.5,50000000.0,3.090909090909091,223107840.07691038,275000000.0,2231078400.769104,False,10.0
10.0,1,52bb211583b2,SAT-305,Guwahati,False,,,67.43918994426627,16.795360414813498,644.9640200495429,22.560810055733725,18.36944864019607,18.36944864019607,-300.0,5.737507808879368e-17,0.5,50000000.0,5,0.0,275000000.0,0.0,False,0.0
10.0,1,52bb211583b2,SAT-306,Guwahati,False,,,50.68278400275629,29.647324635885575,754.3402843094617,39.31721599724371,15.841612051057709,15.841612051057709,-300.0,2.903898823881276e-10,0.5,50000000.0,5,0.0,264978663.51790255,0.0,False,0.0
10.0,1,52bb211583b2,SAT-307,Guwahati,False,,,38.17589798491148,34.05488630904687,911.0676269628863,51.82410201508852,12.67415245370097,12.67415245370097,-300.0,8.44909152960571e-06,0.5,50000000.0,5,0.0,214308484.56731176,0.0,False,0.0
20.0,2,52bb211583b2,SAT-000,Ahmedabad-SAC,True,0,0,79.1840316056813,208.834962043651,609.8952117996163,10.815968394318702,16.621112899613806,12.351728052047024,2.2339931590000277,1.6946953270714922e-05,3.0,50000000.0,3.090909090909091,209237503.36236072,275000000.0,2092375033.6236072,False,20.0
20.0,2,52bb211583b2,SAT-001,Delhi,False,,,38.1010553304166,215.00972014111244,912.2989961058425,51.8989446695834,15.461179836520188,15.461179836520188,-300.0,1.5141320756893215e-09,0.0,50000000.0,5,0.0,258827301.30198252,0.0,False,0.0
20.0,2,52bb211583b2,SAT-001,Ahmedabad-SAC,True,1,0,77.43642894872939,50.91327365025889,613.4108571097768,12.563571051270614,16.51428401254489,13.176875645869096,0.6312955260299079,2.573205558520928e-06,3.0,50000000.0,3.090909090909091,222253261.6006394,275000000.0,2222532616.006394,False,20.0
20.0,2,52bb211583b2,SAT-002,Delhi,True,0,0,50.631150381436186,211.09527291383867,754.8236879938171,39.368849618563814,16.389039789702267,11.540464480330929,3.12583337667996,7.970785504372541e-05,0.0,50000000.0,3.090909090909091,196572810.41513494,275000000.0,1965728104.1513493,False,20.0
20.0,2,52bb211583b2,SAT-002,Ahmedabad-SAC,False,,,57.53962340963454,44.33006411039819,699.1228166935086,32.46037659036546,16.114683503719576,16.114683503719576,-300.0,8.110060000360013e-11,3.0,50000000.0,5,0.0,269402580.36494285,0.0,False,0.0
20.0,2,52bb211583b2,SAT-003,Delhi,True,1,0,67.58460235139786,199.58958374038326,644.3535766836395,22.415397648602138,17.41341468794424,11.719600651161395,4.3297955024197,5.795799376376866e-05,0.0,50000000.0,2.2272727272727275,199356901.3262538,275000000.0,1993569013.262538,False,20.0
20.0,2,52bb211583b2,SAT-003,Ahmedabad-SAC,False,,,42.83198823142107,42.910859438864726,842.2200456309263,47.16801176857893,12.334799632717335,12.334799632717335,-300.0,1.7554083469478862e-05,3.0,50000000.0,5,0.0,208971818.04663235,0.0,False,0.0
20.0,2,52bb211583b2,SAT-004,Delhi,True,2,0,80.71408260842891,122.52657549728222,607.2692732124445,9.28591739157109,18.317888615881216,13.217271740949641,3.495487527664602,2.325101328777975e-06,0.0,50000000.0,2.2272727272727275,222893558.9035098,275000000.0,2228935589.035098,False,20.0
20.0,2,52bb211583b2,SAT-004,Ahmedabad-SAC,False,,,32.465538518563854,42.29130708561977,1018.6706220621292,57.534461481436146,8.0551152146881,8.0551152146881,-300.0,0.00573774425289355,3.0,50000000.0,5,0.0,144280249.69185483,0.0,False,0.0
20.0,2,52bb211583b2,SAT-005,Delhi,True,3,0,64.95110270877925,62.990130670092825,656.1773124526155,25.048897291220754,17.134739149177875,12.903252490366997,2.173278115939519,4.9957270778304025e-06,0.0,50000000.0,2.2272727272727275,217923520.02996504,275000000.0,2179235200.29965,False,20.0
20.0,2,52bb211583b2,SAT-006,Delhi,False,,,48.583569199894335,53.50662219100211,774.9156937841992,41.416430800105665,18.06601333432397,18.06601333432397,-300.0,6.027855632521e-16,0.0,50000000.0,5,0.0,275000000.0,0.0,False,0.0
20.0,2,52bb211583b2,SAT-007,Delhi,False,,,36.64092423171577,50.01684974314435,937.2011220779594,53.35907576828423,15.022358247671136,15.022358247671136,-300.0,8.606467969401156e-09,0.0,50000000.0,5,0.0,251750390.94824073,0.0,False,0.0
20.0,2,52bb211583b2,SAT-100,Ahmedabad-SAC,True,2,0,53.89669739279167,172.58639634096374,726.3381735307398,36.10330260720833,18.375120740240305,15.502000896929344,-0.2788350494903059,1.2767662373868685e-09,3.0,50000000.0,10,259486662.12010297,257271547.26944396,2594866621.20103,False,20.0
20.0,2,52bb211583b2,SAT-101,Bengaluru-ISTRAC,True,0,0,38.7164926681662,329.32231658045,902.2990521673483,51.2835073318338,16.551110310416888,9.300611753433568,6.34422240923068,0.0017634988341127392,0.0,50000000.0,3.090909090909091,162491829.46787235,275000000.0,1624918294.6787236,False,20.0
20.0,2,52bb211583b2,SAT-101,Ahmedabad-SAC,False,,,41.42529439037826,160.92846131029674,861.5008760799767,48.57470560962174,11.851348950779595,11.851348950779595,-300.0,4.548036832136785e-05,3.0,50000000.0,5,0.0,201409144.06680518,0.0,False,0.0
20.0,2,52bb211583b2,SAT-102,Bengaluru-ISTRAC,True,1,0,51.50002465525137,333.36636956910627,746.8351256723793,38.49997534474863,18.13222424077084,10.569297787767404,6.726044871436972,0.00036709120488569624,0.0,50000000.0,2.2272727272727275,181617217.24213776,275000000.0,1816172172.4213777,False,20.0
20.0,2,52bb211583b2,SAT-102,Ahmedabad-SAC,False,,,31.865878885259356,155.26445367778453,1031.7721131914564,58.134121114740644,7.746987617259677,7.746987617259677,-300.0,0.007348251337389009,3.0,50000000.0,5,0.0,139876500.6322977,0.0,False,0.0
20.0,2,52bb211583b2,SAT-103,Bengaluru-ISTRAC,True,2,0,68.70460095672485,345.7040030061204,639.8123442819316,21.295399043275154,18.390900941559394,11.685491546991711,5.662230569407956,6.164277467170224e-05,0.0,50000000.0,1.3636363636363638,198826218.95333263,275000000.0,1988262189.5333264,False,20.0
20.0,2,52bb211583b2,SAT-104,Bengaluru-ISTRAC,True,3,0,80.53879837522287,69.8027806391213,607.5489926340914,9.461201624777132,19.180135639575795,14.790385448510374,2.4247585607127395,2.0173158278567096e-08,0.0,50000000.0,1.3636363636363638,248018019.68916193,275000000.0,2480180196.891619,False,20.0
20.0,2,52bb211583b2,SAT-105,Bengaluru-ISTRAC,False,,,63.94866370115161,122.55787394988795,661.1199314711592,26.05133629884839,23.531520462243066,23.531520462243066,-300.0,2.851714755470836e-51,0.0,50000000.0,5,0.0,275000000.0,0.0,False,0.0
20.0,2,52bb211583b2,SAT-106,Bengaluru-ISTRAC,False,,,47.804753478900814,131.2519758956354,783.0506934453965,42.195246521099186,20.901779901814393,20.901779901814393,-300.0,6.70599837221896e-29,0.0,50000000.0,5,0.0,275000000.0,0.0,False,0.0
20.0,2,52bb211583b2,SAT-107,Bengaluru-ISTRAC,False,,,36.08220032188523,134.5387743730254,947.1893767842021,53.91779967811477,17.848792847079608,17.848792847079608,-300.0,2.946914632465087e-15,0.0,50000000.0,5,0.0,275000000.0,0.0,False,0.0
20.0,2,52bb211583b2,SAT-201,Ahmedabad-SAC,True,3,0,37.846868671973176,212.76086420456076,916.5131630743293,52.153131328026824,13.507037874701993,10.59012668670938,-0.18882994300800215,0.0003564205202985997,3.0,50000000.0,10,181935340.61891443,180509961.6864469,1819353406.1891441,False,20.0
20.0,2,52bb211583b2,SAT-202,Ahmedabad-SAC,False,,,50.27392480847277,208.91445440586315,758.1986654489915,39.72607519152723,14.507439890508081,14.507439890508081,-300.0,5.3801114689429176e-08,3.0,50000000.0,5,0.0,243474207.66135347,0.0,False,0.0
20.0,2,52bb211583b2,SAT-203,Ahmedabad-SAC,False,,,67.12715279792096,197.7710520205818,646.2903552387182,22.872847202079043,17.62340318901289,17.62340318901289,-300.0,1.4108995411041783e-14,3.0,50000000.0,5,0.0,275000000.0,0.0,False,0.0
20.0,2,52bb211583b2,SAT-204,Delhi,False,,,32.91800719193386,211.19555203044075,1009.034411657011,57.08199280806614,13.80273278243206,13.80273278243206,-300.0,4.80821548513083e-07,0.0,50000000.0,5,0.0,232202701.40006208,0.0,False,0.0
20.0,2,52bb211583b2,SAT-204,Ahmedabad-SAC,False,,,80.77162364547294,123.66190400654702,607.1786321553748,9.228376354527057,18.792786844377588,18.792786844377588,-300.0,1.624603346448564e-18,3.0,50000000.0,5,0.0,275000000.0,0.0,False,0.0
20.0,2,52bb211583b2,SAT-205,Delhi,False,,,43.1481706407273,206.7734708646054,838.0525297030714,46.8518293592727,16.826646082529663,16.826646082529663,-300.0,1.966533137721009e-12,0.0,50000000.0,5,0.0,275000000.0,0.0,False,0.0
20.0,2,52bb211583b2,SAT-205,Ahmedabad-SAC,False,,,65.38787116347547,61.17588402000877,654.1016360767375,24.612128836524533,17.395512274671418,17.395512274671418,-300.0,6.349668563485923e-14,3.0,50000000.0,5,0.0,275000000.0,0.0,False,0.0
20.0,2,52bb211583b2,SAT-206,Delhi,False,,,56.97156618358611,196.961002218898,703.0757507326161,33.02843381641389,19.582940712634425,19.582940712634425,-300.0,7.774674529204467e-22,0.0,50000000.0,5,0.0,275000000.0,0.0,False,0.0
20.0,2,52bb211583b2,SAT-206,Ahmedabad-SAC,False,,,48.921601029545464,51.3671240041741,771.4715125980089,41.078398970454536,14.156201132827434,14.156201132827434,-300.0,1.6731662455635305e-07,3.0,50000000.0,5,0.0,237847824.63451758,0.0,False,0.0
20.0,2,52bb211583b2,SAT-207,Delhi,False,,,72.01856965419172,164.44666544824202,627.9763420610823,17.981430345808278,21.318945055686356,21.318945055686356,-300.0,1.2924020856291848e-31,0.0,50000000.0,5,0.0,275000000.0,0.0,False,0.0
20.0,2,52bb211583b2,SAT-207,Ahmedabad-SAC,False,,,36.882494625529105,47.80162308088634,932.9630602518157,53.117505374470895,10.097883372704146,10.097883372704146,-300.0,0.0006916438927042193,3.0,50000000.0,5,0.0,174451092.77533543,0.0,False,0.0
20.0,2,52bb211583b2,SAT-208,Delhi,False,,,70.11622727540782,91.79287624880011,634.4841642288565,19.883772724592177,21.161476495786317,21.161476495786317,-300.0,1.468212339461964e-30,0.0,50000000.0,5,0.0,275000000.0,0.0,False,0.0
20.0,2,52bb211583b2,SAT-209,Delhi,False,,,54.64399267599441,65.4393368171328,720.3839996171331,35.35600732400559,19.20583105456049,19.20583105456049,-300.0,3.5462122486303356e-20,0.0,50000000.0,5,0.0,275000000.0,0.0,False,0.0
20.0,2,52bb211583b2,SAT-300,Guwahati,False,,,30.18478800489252,229.5707165539128,1070.618330068416,59.815211995107475,9.810157588793842,9.810157588793842,-300.0,0.000987682181630793,0.5,50000000.0,5,0.0,170110786.62965474,0.0,False,0.0
20.0,2,52bb211583b2,SAT-301,Guwahati,True,0,0,39.52688617246827,232.01881207492534,889.557680505037,50.47311382753173,16.094615033873595,10.60149779418696,4.052635601910804,0.00035070690691951746,0.5,50000000.0,10,182109065.2429084,220787167.17199507,1821090652.4290838,False,20.0
20.0,2,52bb211583b2,SAT-302,Guwahati,True,1,0,52.54495576376976,237.07441828604385,737.628352137601,37.45504423623024,16.047010912071258,9.556703668960445,5.386840245877806,0.0013281849931768286,0.5,50000000.0,4.818181818181818,166309885.59262532,270913945.43355525,1663098855.9262533,False,20.0
20.0,2,52bb211583b2,SAT-303,Guwahati,True,2,0,69.62307983891519,252.91185724490038,636.2962844852708,20.37692016108481,16.495669017510878,11.267363653811046,3.6790791378435213,0.00012657664634657927,0.5,50000000.0,3.090909090909091,192342901.291735,275000000.0,1923429012.9173498,False,20.0
20.0,2,52bb211583b2,SAT-304,Guwahati,True,3,0,78.3998990189981,337.6439557899959,611.4038073034072,11.600100981001901,17.127347841909796,13.819955836161581,0.5751554040934419,4.575843549382021e-07,0.5,50000000.0,3.090909090909091,232477350.7028744,275000000.0,2324773507.0287437,False,20.0
20.0,2,52bb211583b2,SAT-305,Guwahati,False,,,61.98762419782487,22.031040157988052,671.5343531747038,28.01237580217513,17.724920374909914,17.724920374909914,-300.0,7.038139974641639e-15,0.5,50000000.0,5,0.0,275000000.0,0.0,False,0.0
20.0,2,52bb211583b2,SAT-306,Guwahati,False,,,46.47329186720777,31.037878909532633,797.6279142386951,43.52670813279223,14.921375929514454,14.921375929514454,-300.0,1.2538169877597e-08,0.5,50000000.0,5,0.0,250124850.22280377,0.0,False,0.0
20.0,2,52bb211583b2,SAT-307,Guwahati,False,,,35.172525493071134,34.630293284663665,964.0252179872164,54.827474506928866,11.691268764609745,11.691268764609745,-300.0,6.10045497859968e-05,0.5,50000000.0,5,0.0,198916084.52463254,0.0,False,0.0
30.0,3,52bb211583b2,SAT-000,Delhi,False,,,31.527296146864877,216.72156901192037,1039.3404533842445,58.47270385313512,13.306558001379813,13.306558001379813,-300.0,1.8522953159387618e-06,0.0,50000000.0,5,0.0,224309746.982628,0.0,False,0.0
30.0,3,52bb211583b2,SAT-000,Ahmedabad-SAC,True,0,0,85.78235456904889,193.7961004988506,601.4885460441496,4.217645430951109,16.878283341329222,13.077009977754592,1.4598418800196171,3.293493026832838e-06,3.0,50000000.0,3.090909090909091,220671521.45511466,275000000.0,2206715214.5511465,False,30.0
30.0,3,52bb211583b2,SAT-001,Delhi,False,,,41.427792655119994,214.451358919595,861.4655318519079,48.572207344880006,16.38617422288479,16.38617422288479,-300.0,2.105934363657266e-11,0.0,50000000.0,5,0.0,273807481.0409243,0.0,False,0.0
30.0,3,52bb211583b2,SAT-001,Ahmedabad-SAC,True,1,0,71.06053838137957,46.36065138461354,631.1590109783891,18.939461618620427,17.051310135724776,13.832512311506884,0.40744294800856445,4.413013963916393e-07,3.0,50000000.0,3.9545454545454546,232677611.26808134,275000000.0,2326776112.6808133,False,30.0
30.0,3,52bb211583b2,SAT-002,Delhi,True,0,0,55.29189786137795,209.50898030422982,715.3813935270647,34.70810213862205,17.225183872933883,12.592329166228867,2.801074372458741,1.012893156336666e-05,0.0,50000000.0,3.090909090909091,213019713.3477596,275000000.0,2130197133.477596,False,30.0
30.0,3,52bb211583b2,SAT-002,Ahmedabad-SAC,False,,,52.62297085303024,43.309796548406254,736.958027564507,37.37702914696976,15.076698966175599,15.076698966175599,-300.0,7.004058674969547e-09,3.0,50000000.0,5,0.0,252625607.6397615,0.0,False,0.0
30.0,3,52bb211583b2,SAT-003,Delhi,True,1,0,73.28365310132158,191.4487336672524,624.0610977882326,16.716346898678424,17.902416114140834,12.311023901955842,4.188961999603286,1.843962735500439e-05,0.0,50000000.0,2.2272727272727275,208598763.24135885,275000000.0,2085987632.4135885,False,30.0
30.0,3,52bb211583b2,SAT-003,Ahmedabad-SAC,False,,,39.36253476927146,42.40405964672859,892.103375602286,50.63746523072854,11.093600562403608,11.093600562403608,-300.0,0.00016752427533332618,3.0,50000000.0,5,0.0,189661120.6998775,0.0,False,0.0
30.0,3,52bb211583b2,SAT-004,Delhi,True,2,0,77.8010617954076,88.73830180210003,612.6312392137405,12.198938204592395,18.18411514049066,13.019358801646497,3.5880031738403932,3.788463254021275e-06,0.0,50000000.0,2.2272727272727275,219759177.44997168,275000000.0,2197591774.4997168,False,30.0
30.0,3,52bb211583b2,SAT-005,Delhi,True,3,0,59.681882865115824,58.3205550206106,685.1146650414471,30.318117134884176,16.47086276180704,11.991032693382449,2.5655512408614847,3.4900397301777396e-05,0.0,50000000.0,2.2272727272727275,203589166.5476162,275000000.0,2035891665.4761622,False,30.0
30.0,3,52bb211583b2,SAT-006,Delhi,False,,,44.61537817617572,51.86925539374173,819.4710836622411,45.38462182382428,17.183275513398243,17.183275513398243,-300.0,2.4074389337297126e-13,0.0,50000000.0,5,0.0,275000000.0,0.0,False,0.0
30.0,3,52bb211583b2,SAT-007,Delhi,False,,,33.80627594431906,49.16366272660648,990.7184281209611,56.19372405568094,14.107638465102099,14.107638465102099,-300.0,1.94393437165037e-07,0.0,50000000.0,5,0.0,237071208.93269816,0.0,False,0.0
30.0,3,52bb211583b2,SAT-100,Bengaluru-ISTRAC,False,,,32.01502663400855,327.56885933702875,1028.4776875778975,57.98497336599145,16.48325088267204,16.48325088267204,-300.0,1.2741125805551054e-11,0.0,50000000.0,5,0.0,275000000.0,0.0,False,0.0
30.0,3,52bb211583b2,SAT-100,Ahmedabad-SAC,False,,,49.797698783313386,168.41642309046262,762.7820645023382,40.202301216686614,14.385772922542742,14.385772922542742,-300.0,8.051243122569798e-08,3.0,50000000.0,5,0.0,241523437.3568281,0.0,False,0.0
30.0,3,52bb211583b2,SAT-101,Bengaluru-ISTRAC,True,0,0,42.11282731938705,329.871055056917,851.9237065401201,47.88717268061295,17.47568730663194,11.603104083500025,4.5727142790784985,7.140421910487038e-05,0.0,50000000.0,3.090909090909091,197545498.96259978,275000000.0,1975454989.6259978,False,30.0
30.0,3,52bb211583b2,SAT-101,Ahmedabad-SAC,False,,,38.22288286555702,159.14330185674766,910.296777150197,51.77711713444298,10.648150793473434,10.648150793473434,-300.0,0.00032807157903781236,3.0,50000000.0,5,0.0,182822197.34423184,0.0,False,0.0
30.0,3,52bb211583b2,SAT-102,Bengaluru-ISTRAC,True,1,0,56.255733355414655,334.9797734078139,708.2054499656003,33.744266644585345,16.827637736189345,9.375795970524601,6.590982119010985,0.0016252585831847469,0.0,50000000.0,1.3636363636363638,163610347.5336274,275000000.0,1636103475.336274,False,30.0
30.0,3,52bb211583b2,SAT-103,Bengaluru-ISTRAC,True,2,0,74.42905924353944,354.7168731781534,620.791754937374,15.570940756460558,18.851770230941185,12.904314970206489,4.673409999387899,4.9832566450976514e-06,0.0,50000000.0,1.3636363636363638,217940307.2368574,275000000.0,2179403072.368574,False,30.0
30.0,3,52bb211583b2,SAT-104,Bengaluru-ISTRAC,True,3,0,77.02182647409195,100.36390734016919,614.3271693826609,12.978173525908048,19.01127402170532,14.641927196545323,2.3926377674612347,3.401393665808017e-08,0.0,50000000.0,1.3636363636363638,245632709.872049,275000000.0,2456327098.72049,False,30.0
30.0,3,52bb211583b2,SAT-105,Bengaluru-ISTRAC,False,,,58.741249323693715,126.94478927557941,691.0941263053173,31.258750676306285,22.848703984737824,22.848703984737824,-300.0,4.1026697668976955e-44,0.0,50000000.0,5,0.0,275000000.0,0.0,False,0.0
30.0,3,52bb211583b2,SAT-106,Bengaluru-ISTRAC,False,,,43.91480389809785,132.88413990910507,828.1907810051092,46.08519610190215,20.015118691310263,20.015118691310263,-300.0,6.3896910847802446e-24,0.0,50000000.0,5,0.0,275000000.0,0.0,False,0.0
30.0,3,52bb211583b2,SAT-107,Bengaluru-ISTRAC,False,,,33.30274557163255,135.42627573858564,1001.0048641801612,56.69725442836745,16.935917427150784,16.935917427150784,-300.0,1.0519415509915e-12,0.0,50000000.0,5,0.0,275000000.0,0.0,False,0.0
30.0,3,52bb211583b2,SAT-200,Ahmedabad-SAC,False,,,31.326239632308774,214.46788499714896,1043.8943285221926,58.67376036769123,7.462631365093316,7.462631365093316,-300.0,0.009108112915689222,3.0,50000000.0,5,0.0,135852117.04263824,0.0,False,0.0
30.0,3,52bb211583b2,SAT-201,Ahmedabad-SAC,True,3,0,41.1475718937287,212.2332671841864,865.4551028211495,48.8524281062713,14.76309909569099,12.165246261759279,-0.8682141552142888,2.4796655341839776e-05,3.0,50000000.0,10,206313926.15941158,199873668.46182662,2063139261.5941157,False,30.0
30.0,3,52bb211583b2,SAT-202,Ahmedabad-SAC,False,,,54.902628741931274,207.40442776592812,718.3694717767878,35.097371258068726,15.582629080551754,15.582629080551754,-300.0,9.074786366734001e-10,3.0,50000000.0,5,0.0,260789503.73341373,0.0,False,0.0
30.0,3,52bb211583b2,SAT-203,Ahmedabad-SAC,False,,,72.83900250930732,190.10911168306518,625.4004167778296,17.16099749069268,18.2418903820559,18.2418903820559,-300.0,1.572910395025854e-16,3.0,50000000.0,5,0.0,275000000.0,0.0,False,0.0
30.0,3,52bb211583b2,SAT-204,Delhi,False,,,35.66542044349337,210.41344245309836,954.813137745945,54.33457955650663,14.717222241107123,14.717222241107123,-300.0,2.6153358158747035e-08,0.0,50000000.0,5,0.0,246842158.3611149,0.0,False,0.0
30.0,3,52bb211583b2,SAT-204,Ahmedabad-SAC,False,,,78.17155353752965,88.36417563716732,611.8641121500858,11.828446462470353,18.65007067995448,18.65007067995448,-300.0,5.614725516816833e-18,3.0,50000000.0,5,0.0,275000000.0,0.0,False,0.0
30.0,3,52bb211583b2,SAT-205,Delhi,False,,,46.93699912320949,205.06435544798174,792.4527754774664,43.06300087679051,17.71371398349045,17.71371398349045,-300.0,7.605746659926938e-15,0.0,50000000.0,5,0.0,275000000.0,0.0,False,0.0
30.0,3,52bb211583b2,SAT-205,Ahmedabad-SAC,False,,,60.10361633386323,56.28613742590791,682.5182298813043,29.89638366613677,16.580891809317578,16.580891809317578,-300.0,7.60025098510282e-12,3.0,50000000.0,5,0.0,275000000.0,0.0,False,0.0
30.0,3,52bb211583b2,SAT-206,Delhi,False,,,61.82413799705003,191.89944545280397,672.4486074101656,28.17586200294997,20.270335553400358,20.270335553400358,-300.0,2.978836325189268e-25,0.0,50000000.0,5,0.0,275000000.0,0.0,False,0.0
30.0,3,52bb211583b2,SAT-206,Ahmedabad-SAC,False,,,44.9249022612965,49.66352763638509,815.7049629142598,45.0750977387035,13.008139228525323,13.008139228525323,-300.0,3.892305483661972e-06,3.0,50000000.0,5,0.0,219581691.6227991,0.0,False,0.0
30.0,3,52bb211583b2,SAT-207,Delhi,False,,,74.6909960188468,143.07145471649793,620.0802294793361,15.309003981153197,21.511967504590416,21.511967504590416,-300.0,5.818292311340276e-33,0.0,50000000.0,5,0.0,275000000.0,0.0,False,0.0
30.0,3,52bb211583b2,SAT-207,Ahmedabad-SAC,False,,,34.026934370935635,46.91240938018161,986.2884648953892,55.973065629064365,8.820841889484413,8.820841889484413,-300.0,0.0028825976387981678,3.0,50000000.0,5,0.0,155403366.51489174,0.0,False,0.0
30.0,3,52bb211583b2,SAT-208,Delhi,False,,,65.85762096990858,79.38710286726527,651.9209710332561,24.14237903009142,20.746509814972526,20.746509814972526,-300.0,5.925645270697566e-28,0.0,50000000.0,5,0.0,275000000.0,0.0,False,0.0
30.0,3,52bb211583b2,SAT-209,Delhi,False,,,50.35882506104928,61.70685207831681,757.3916881384522,39.64117493895072,18.424728898134504,18.424728898134504,-300.0,3.672297659752012e-17,0.0,50000000.0,5,0.0,275000000.0,0.0,False,0.0
30.0,3,52bb211583b2,SAT-300,Guwahati,False,,,32.6443264441871,230.39682345477348,1014.8377235065301,57.3556735558129,10.780016311249398,10.780016311249398,-300.0,0.00027068985574994563,0.5,50000000.0,5,0.0,184841146.5406631,0.0,False,0.0
30.0,3,52bb211583b2,SAT-301,Guwahati,True,0,0,42.93474541763838,233.44116592553917,840.8591054615189,47.06525458236162,17.049596553550515,11.66297357204975,3.903529820393933,6.418675015974328e-05,0.5,50000000.0,10,198476020.70889425,235978834.21927896,1984760207.0889425,False,30.0
30.0,3,52bb211583b2,SAT-302,Guwahati,True,1,0,57.207853917190654,240.3024278634436,701.4189865399342,32.792146082809346,16.863802644524853,10.441046644450374,5.2995503358531595,0.00043893752251187944,0.5,50000000.0,4.818181818181818,179661144.7941546,275000000.0,1796611447.9415462,False,30.0
30.0,3,52bb211583b2,SAT-303,Guwahati,True,2,0,74.5444485705602,266.71178776168205,620.4766678151376,15.455551429439794,16.89462698714557,11.682791037464721,3.655531116082945,6.19431143742852e-05,0.5,50000000.0,3.090909090909091,198784214.68688735,275000000.0,1987842146.8688736,False,30.0
30.0,3,52bb211583b2,SAT-304,Guwahati,True,3,0,74.19608585054915,0.01010677687479194,621.4358348518122,15.803914149450847,16.870193647638928,13.366732265578117,0.9359891781883378,1.5851152543487871e-06,0.5,50000000.0,3.090909090909091,225264918.22771838,275000000.0,2252649182.277184,False,30.0
30.0,3,52bb211583b2,SAT-305,Guwahati,False,,,56.84638538655338,25.400774508743314,703.9607574205406,33.15361461344662,16.966242245644963,16.966242245644963,-300.0,8.818407112015609e-13,0.5,50000000.0,5,0.0,275000000.0,0.0,False,0.0
30.0,3,52bb211583b2,SAT-306,Guwahati,False,,,42.669200908703274,32.113234013147775,844.3890028907165,47.330799091296726,13.968762216295403,13.968762216295403,-300.0,2.958907284462944e-07,0.5,50000000.0,5,0.0,234852098.5283464,0.0,False,0.0
30.0,3,52bb211583b2,SAT-307,Guwahati,False,,,32.45360107037967,35.113327291335025,1018.9277256183756,57.54639892962033,10.707881063308804,10.707881063308804,-300.0,0.0003009138743682382,0.5,50000000.0,5,0.0,183736113.49555522,0.0,False,0.0
40.0,4,52bb211583b2,SAT-000,Delhi,False,,,34.15948584225661,216.4318228645985,983.6497728824135,55.84051415774339,14.226375963790261,14.226375963790261,-300.0,1.3432352283694237e-07,0.0,50000000.0,5,0.0,238970629.35810253,0.0,False,0.0
40.0,4,52bb211583b2,SAT-000,Ahmedabad-SAC,False,,,86.46930403888027,67.24483432012688,601.0425411548675,3.530695961119733,18.980833755633455,18.980833755633455,-300.0,2.977663859584358e-19,3.0,50000000.0,5,0.0,275000000.0,0.0,False,0.0
40.0,4,52bb211583b2,SAT-001,Delhi,False,,,45.11921009013425,213.7485407937642,813.3672549976582,44.88078990986575,17.30184933464939,17.30184933464939,-300.0,1.1524326241973426e-13,0.0,50000000.0,5,0.0,275000000.0,0.0,False,0.0
40.0,4,52bb211583b2,SAT-001,Ahmedabad-SAC,True,1,0,65.02659956293053,44.17760760766709,655.8151833060963,24.973400437069472,16.32702235046679,13.031344671520124,0.5531537653939194,3.680314545205742e-06,3.0,50000000.0,3.9545454545454546,219948809.6320148,275000000.0,2199488096.320148,False,40.0
40.0,4,52bb211583b2,SAT-002,Delhi,True,0,0,60.39611467299657,207.24238609971144,680.7475627530334,29.603885327003432,16.569464785321614,12.116548697666698,2.523657046590953,2.7318551132109224e-05,0.0,50000000.0,2.2272727272727275,205551639.04400438,275000000.0,2055516390.440044,False,40.0
40.0,4,52bb211583b2,SAT-002,Ahmedabad-SAC,False,,,48.17521002133073,42.57814777068326,779.146022120943,41.82478997866927,13.954599792955847,13.954599792955847,-300.0,3.0861887501696354e-07,3.0,50000000.0,5,0.0,234625948.7461905,0.0,False,0.0
40.0,4,52bb211583b2,SAT-003,Delhi,False,,,78.5874428117915,174.7029874635247,611.0328533381428,11.412557188208496,21.735848582768384,21.735848582768384,-300.0,1.338459942659473e-34,0.0,50000000.0,5,0.0,275000000.0,0.0,False,0.0
40.0,4,52bb211583b2,SAT-003,Ahmedabad-SAC,False,,,36.234698263507404,41.99686310049172,944.4370952769488,53.765301736492596,9.82115059832843,9.82115059832843,-300.0,0.000974717306523312,3.0,50000000.0,5,0.0,170276125.72587976,0.0,False,0.0
40.0,4,52bb211583b2,SAT-004,Delhi,True,2,0,72.73942891097396,71.68074825445797,625.7057790821543,17.260571089026044,17.862260977425905,12.25650605922527,4.208786671801345,2.0622607185456838e-05,0.0,50000000.0,2.2272727272727275,207743775.72248834,275000000.0,2077437757.2248836,False,40.0
40.0,4,52bb211583b2,SAT-005,Delhi,True,3,0,54.74333587298562,55.20650812447341,719.6074330797742,35.25666412701438,17.133745789222033,12.46857065096223,2.850256890685664,1.324392575902357e-05,0.0,50000000.0,3.090909090909091,211072847.5803235,275000000.0,2110728475.8032348,False,40.0
40.0,4,52bb211583b2,SAT-006,Delhi,False,,,41.02001398968472,50.591453676284004,867.2880980408905,48.97998601031528,16.27810553313674,16.27810553313674,-300.0,3.637805479684839e-11,0.0,50000000.0,5,0.0,272053318.35385126,0.0,False,0.0
40.0,4,52bb211583b2,SAT-007,Delhi,False,,,31.230435657983307,48.45012088209053,1046.0800924239209,58.76956434201669,13.1975583843669,13.1975583843669,-300.0,2.4433125094874733e-06,0.0,50000000.0,5,0.0,222581058.8279341,0.0,False,0.0
40.0,4,52bb211583b2,SAT-101,Bengaluru-ISTRAC,True,0,0,45.883319034647556,330.5576934495847,804.3687413281962,44.116680965352444,16.966015718232285,11.26061133951053,4.3456548216433735,0.00012798821764818314,0.0,50000000.0,2.2272727272727275,192238548.00876072,275000000.0,1922385480.0876071,False,40.0
40.0,4,52bb211583b2,SAT-101,Ahmedabad-SAC,False,,,35.300265163467834,157.67629356768845,961.6171096652356,54.699734836532166,9.408892084383751,9.408892084383751,-300.0,0.0015672411324920924,3.0,50000000.0,5,0.0,164103357.037849,0.0,False,0.0
40.0,4,52bb211583b2,SAT-102,Bengaluru-ISTRAC,True,1,0,61.458476476803604,337.3023826393805,674.5198165707932,28.541523523196396,17.5802857960268,10.817514786999373,5.735036225170498,0.00025602970593481734,0.0,50000000.0,1.3636363636363638,185416142.90484625,275000000.0,1854161429.0484624,False,40.0
40.0,4,52bb211583b2,SAT-103,Bengaluru-ISTRAC,False,,,79.60154490292511,14.03906885365159,609.1371996506904,10.398455097074887,24.783132850894887,24.783132850894887,-300.0,1.089178590007003e-67,0.0,50000000.0,5,0.0,275000000.0,0.0,False,0.0
40.0,4,52bb211583b2,SAT-104,Bengaluru-ISTRAC,True,3,0,71.78078986926336,115.33911822589411,628.7485678410534,18.21921013073664,18.65746970424442,14.122039228332925,2.651646054719813,1.859677715045627e-07,0.0,50000000.0,1.3636363636363638,237301472.6854512,275000000.0,2373014726.854512,False,40.0
40.0,4,52bb211583b2,SAT-105,Bengaluru-ISTRAC,False,,,53.878849987162,129.92015016973318,726.4828327633778,36.121150012838,22.074797507811112,22.074797507811112,-300.0,3.0278541267882867e-37,0.0,50000000.0,5,0.0,275000000.0,0.0,False,0.0
40.0,4,52bb211583b2,SAT-106,Bengaluru-ISTRAC,False,,,40.3902616760198,134.17148043005028,876.4955157834241,49.6097383239802,19.108367901432615,19.108367901432615,-300.0,9.034038300344031e-20,0.0,50000000.0,5,0.0,275000000.0,0.0,False,0.0
40.0,4,52bb211583b2,SAT-107,Bengaluru-ISTRAC,False,,,30.774943066630442,136.17557218523913,1056.6139494292297,59.22505693336956,16.028132475335212,16.028132475335212,-300.0,1.2254686507645062e-10,0.0,50000000.0,5,0.0,267999664.4187006,0.0,False,0.0
40.0,4,52bb211583b2,SAT-200,Ahmedabad-SAC,False,,,33.93890789294694,214.19987688312045,988.0500787738907,56.06109210705306,8.779017482098794,8.779017482098794,-300.0,0.003001812463689605,3.0,50000000.0,5,0.0,154789591.0581791,0.0,False,0.0
40.0,4,52bb211583b2,SAT-201,Ahmedabad-SAC,True,3,0,44.81039197836299,211.57119978091507,817.0921814920076,45.18960802163701,15.982952155357196,11.393858594145811,2.7341751356954624,0.00010251930951825426,3.0,50000000.0,10,194299878.5930187,219020455.59434196,1942998785.9301872,False,40.0
40.0,4,52bb211583b2,SAT-202,Ahmedabad-SAC,True,2,0,59.977951782400815,205.2577450836367,683.2865031562208,30.022048217599185,16.39829915551809,11.622837400309294,3.016672210613926,6.895042632309877e-05,3.0,50000000.0,4.818181818181818,197852112.9952043,275000000.0,1582816903.9616344,True,0.0
40.0,4,52bb211583b2,SAT-203,Ahmedabad-SAC,False,,,78.23905305515297,174.51084001957207,611.7270546010984,11.760946944847035,18.654234736995562,18.654234736995562,-300.0,5.418267880354652e-18,3.0,50000000.0,5,0.0,275000000.0,0.0,False,0.0
40.0,4,52bb211583b2,SAT-204,Delhi,False,,,38.694394084517576,209.46971865548502,902.6532125384979,51.305605915482424,15.633590987895445,15.633590987895445,-300.0,7.28992531101798e-10,0.0,50000000.0,5,0.0,261613315.24734396,0.0,False,0.0
40.0,4,52bb211583b2,SAT-204,Ahmedabad-SAC,False,,,73.20586855461572,70.19813328718911,624.2925352250579,16.79413144538428,18.275072753915097,18.275072753915097,-300.0,1.2133549205299982e-16,3.0,50000000.0,5,0.0,275000000.0,0.0,False,0.0
40.0,4,52bb211583b2,SAT-205,Delhi,False,,,51.096618810300306,202.84169968990872,750.5057202045185,38.903381189699694,18.56758772274624,18.56758772274624,-300.0,1.1290853777248722e-17,0.0,50000000.0,5,0.0,275000000.0,0.0,False,0.0
40.0,4,52bb211583b2,SAT-205,Ahmedabad-SAC,False,,,55.13782671994483,53.04219255806254,716.5577880849208,34.86217328005517,15.632345823625442,15.632345823625442,-300.0,7.329257962068845e-10,3.0,50000000.0,5,0.0,261593183.7897134,0.0,False,0.0
40.0,4,52bb211583b2,SAT-206,Delhi,False,,,66.76743552864829,184.2875644971769,647.8473272196611,23.232564471351708,20.842569647934667,20.842569647934667,-300.0,1.5533764256180435e-28,0.0,50000000.0,5,0.0,275000000.0,0.0,False,0.0
40.0,4,52bb211583b2,SAT-206,Ahmedabad-SAC,False,,,41.30199725901149,48.336059087558326,863.2502217722741,48.69800274098851,11.80772622008169,11.80772622008169,-300.0,4.931989735707148e-05,3.0,50000000.0,5,0.0,200729204.98910013,0.0,False,0.0
40.0,4,52bb211583b2,SAT-207,Delhi,False,,,74.75100402305429,117.3866954600056,619.9190986797116,15.248995976945707,21.515929152892497,21.515929152892497,-300.0,5.4516788210990964e-33,0.0,50000000.0,5,0.0,275000000.0,0.0,False,0.0
40.0,4,52bb211583b2,SAT-207,Ahmedabad-SAC,False,,,31.43225059623151,46.16889458858584,1041.4876226113972,58.56774940376849,7.519033532608802,7.519033532608802,-300.0,0.00873708456665696,3.0,50000000.0,5,0.0,136647241.87326097,0.0,False,0.0
40.0,4,52bb211583b2,SAT-208,Delhi,False,,,61.18742824442987,71.21446108065521,676.0788134209306,28.812571755570133,20.187454368122545,20.187454368122545,-300.0,8.221578466621297e-25,0.0,50000000.0,5,0.0,275000000.0,0.0,False,0.0
40.0,4,52bb211583b2,SAT-209,Delhi,False,,,46.375961113148094,58.88957530648161,798.7278033301179,43.624038886851906,17.589216479588714,17.589216479588714,-300.0,1.776871162785015e-14,0.0,50000000.0,5,0.0,275000000.0,0.0,False,0.0
40.0,4,52bb211583b2,SAT-300,Guwahati,False,,,35.34392031746478,231.3694797343178,960.797474361019,54.65607968253522,11.75015389842369,11.75015389842369,-300.0,5.482331455097744e-05,0.5,50000000.0,5,0.0,199832483.5958773,0.0,False,0.0
40.0,4,52bb211583b2,SAT-301,Guwahati,True,0,0,46.687938659026806,235.22599219576654,795.2190873906161,43.312061340973194,17.98186652576544,13.206553868890506,3.0164486705005524,2.3887074779889034e-06,0.5,50000000.0,10,222723649.025104,250932637.30120358,2227236490.25104,False,40.0
40.0,4,52bb211583b2,SAT-302,Guwahati,True,1,0,62.18337122682942,244.92554071047527,670.4491860598916,27.816628773170578,16.73209110287752,10.374301646667597,5.215221585066123,0.0004807974127093756,0.5,50000000.0,3.9545454545454546,178645041.27226135,275000000.0,1786450412.7226136,False,40.0
40.0,4,52bb211583b2,SAT-303,Guwahati,False,,,78.02686567470921,291.2865753302195,612.1607057343658,11.973134325290786,19.19665886437143,19.19665886437143,-300.0,3.875871243710611e-20,0.5,50000000.0,5,0.0,275000000.0,0.0,False,0.0
40.0,4,52bb211583b2,SAT-304,Guwahati,True,3,0,68.94093302843459,11.777663931203756,638.8899262377048,21.059066971565414,16.431060425790562,12.793501276281354,1.175250727080169,6.447079941800628e-06,0.5,50000000.0,3.090909090909091,216190534.86454177,275000000.0,2161905348.6454177,False,40.0
40.0,4,52bb211583b2,SAT-305,Guwahati,False,,,52.102825678923196,27.73993536297036,741.4716411874575,37.897174321076804,16.123073531504204,16.123073531504204,-300.0,7.78858967506097e-11,0.5,50000000.0,5,0.0,269538611.0361207,0.0,False,0.0
40.0,4,52bb211583b2,SAT-306,Guwahati,False,,,39.23617745397396,32.97070058909694,894.0737008452011,50.76382254602604,12.997640081201212,12.997640081201212,-300.0,3.991814375600768e-06,0.5,50000000.0,5,0.0,219415622.21296328,0.0,False,0.0
50.0,5,52bb211583b2,SAT-001,Delhi,False,,,49.215034919006456,212.839146444779,768.5233865185794,40.784965080993544,18.196071955783324,18.196071955783324,-300.0,2.243643763696398e-16,0.0,50000000.0,5,0.0,275000000.0,0.0,False,0.0
50.0,5,52bb211583b2,SAT-001,Ahmedabad-SAC,True,1,0,59.43911600454147,42.9042355251026,686.6327975725404,30.560883995458532,16.303852577710984,14.185438973849925,-2.0155585570815022,1.5274884635869377e-07,3.0,50000000.0,4.818181818181818,238315552.24145222,275000000.0,2383155522.414522,False,50.0
50.0,5,52bb211583b2,SAT-002,Delhi,True,0,0,65.90738560385985,203.76067420231962,651.6930671699625,24.09261439614015,17.239903926611404,15.578520938449333,-3.316004662940963,9.235413934257174e-10,0.0,50000000.0,2.2272727272727275,260723105.915778,275000000.0,2607231059.15778,False,50.0
50.0,5,52bb211583b2,SAT-002,Ahmedabad-SAC,False,,,44.167427553451546,42.029652290333836,825.0148547029737,45.832572446548454,12.770540204461767,12.770540204461767,-300.0,6.795147555549228e-06,3.0,50000000.0,5,0.0,215828251.51158774,0.0,False,0.0
50.0,5,52bb211583b2,SAT-004,Delhi,True,2,0,67.18959114466585,62.97062403068407,646.0231599123914,22.810408855334146,17.373791818361937,12.402210210722027,3.307490264651088,1.5246380889924934e-05,0.0,50000000.0,2.2272727272727275,210030139.65789878,275000000.0,2100301396.5789878,False,50.0
50.0,5,52bb211583b2,SAT-005,Delhi,True,3,0,50.20094382910407,52.996262914571105,758.8947877161118,39.79905617089593,16.30485235949142,8.145496265212671,7.439321902932624,0.005319815334943245,0.0,50000000.0,3.090909090909091,145580130.2932709,275000000.0,1455801302.9327087,False,50.0
50.0,5,52bb211583b2,SAT-006,Delhi,True,1,0,37.76672981423983,49.56864248467784,917.8521431113621,52.23327018576017,18.372848805260503,12.33938770726257,4.788352343595051,1.7387642255987866e-05,0.0,50000000.0,10,209043820.5519546,257234877.6888024,1672350564.4156368,True,0.0
50.0,5,52bb211583b2,SAT-101,Bengaluru-ISTRAC,True,0,0,50.06790446134671,331.44335992897965,760.1695946198228,39.93209553865329,17.855439780043582,12.858225840381428,3.345039464640393,5.550928789893294e-06,0.0,50000000.0,2.2272727272727275,217212282.46994236,275000000.0,2172122824.699424,False,50.0
50.0,5,52bb211583b2,SAT-101,Ahmedabad-SAC,False,,,32.63326472936079,156.45110083546265,1015.073904304236,57.36673527063921,8.139861810003467,8.139861810003467,-300.0,0.005345179207221455,3.0,50000000.0,5,0.0,145498988.49740374,0.0,False,0.0
50.0,5,52bb211583b2,SAT-102,Bengaluru-ISTRAC,True,1,0,67.06535275512955,340.9239986353449,646.5557073267885,22.934647244870447,18.230424077294145,13.171730869799923,3.4346860362009086,2.60647883004243e-06,0.0,50000000.0,1.3636363636363638,222171734.0318699,275000000.0,2221717340.318699,False,50.0
50.0,5,52bb211583b2,SAT-104,Bengaluru-ISTRAC,True,3,0,66.21360684042516,123.15556884349542,650.3037064326558,23.786393159574843,18.141868392189977,13.07684303609709,3.4438864711305306,3.2948370963906034e-06,0.0,50000000.0,1.3636363636363638,220668878.7383713,275000000.0,2206688787.3837132,False,50.0
50.0,5,52bb211583b2,SAT-105,Bengaluru-ISTRAC,True,2,0,49.41530775209392,132.06156877800777,766.5331998710016,40.58469224790608,17.724782402364568,12.699463937795048,3.386092512955741,7.98287448448471e-06,0.0,50000000.0,2.2272727272727275,214707410.42980984,275000000.0,1717659283.4384787,True,0.0
50.0,5,52bb211583b2,SAT-106,Bengaluru-ISTRAC,False,,,37.199957673881464,135.21240359624306,927.4659392879506,52.800042326118536,18.192855399045982,18.192855399045982,-300.0,2.2999714333618774e-16,0.0,50000000.0,5,0.0,275000000.0,0.0,False,0.0
50.0,5,52bb211583b2,SAT-200,Ahmedabad-SAC,False,,,36.82311811295514,213.87776063030887,934.0003072087408,53.17688188704486,10.072818560740913,10.072818560740913,-300.0,0.0007140758636943285,3.0,50000000.0,5,0.0,174071951.5781634,0.0,False,0.0
50.0,5,52bb211583b2,SAT-201,Ahmedabad-SAC,True,3,0,48.8756462183313,210.71740491880303,771.9367104117927,41.1243537816687,17.154250318608263,12.87933476473561,2.2428271013045977,5.284042262262817e-06,3.0,50000000.0,10,217545672.45830166,237651879.49493417,2175456724.5830164,False,50.0
50.0,5,52bb211583b2,SAT-202,Ahmedabad-SAC,True,2,0,65.46963180650881,201.9820631298894,653.718252574106,24.530368193491185,16.38792164186505,10.826117350006193,4.148043166433641,0.00025276394197909876,3.0,50000000.0,3.9545454545454546,185548107.07947236,275000000.0,1855481070.7947235,False,10.0
50.0,5,52bb211583b2,SAT-203,Delhi,False,,,32.084926131631164,212.21397298830098,1026.941944262098,57.915073868368836,13.508333511946276,13.508333511946276,-300.0,1.089595969019277e-06,0.0,50000000.0,5,0.0,227514900.82480058,0.0,False,0.0
50.0,5,52bb211583b2,SAT-203,Ahmedabad-SAC,True,0,0,81.72579748093757,139.7949195625033,605.7604468352089,8.274202519062428,16.74729446964413,12.784711728566355,1.7328473927126986,6.578370380609201e-06,3.0,50000000.0,3.090909090909091,216051840.69223005,275000000.0,1728414725.5378404,True,0.0
50.0,5,52bb211583b2,SAT-204,Delhi,False,,,42.0389195293975,208.31021826861803,852.9389566127927,47.9610804706025,16.54547363000725,16.54547363000725,-300.0,9.178912035689912e-12,0.0,50000000.0,5,0.0,275000000.0,0.0,False,0.0
50.0,5,52bb211583b2,SAT-204,Ahmedabad-SAC,False,,,67.66593176071058,61.01278466911269,644.0142628989225,22.334068239289422,17.690144898869633,17.690144898869633,-300.0,8.947604499451782e-15,3.0,50000000.0,5,0.0,275000000.0,0.0,False,0.0
50.0,5,52bb211583b2,SAT-205,Delhi,False,,,55.62561442197271,199.84679568267316,712.8612567803168,34.37438557802729,19.36876975990701,19.36876975990701,-300.0,7.085441091594589e-21,0.0,50000000.0,5,0.0,275000000.0,0.0,False,0.0
50.0,5,52bb211583b2,SAT-205,Ahmedabad-SAC,False,,,50.563684708745754,50.74846256605202,755.456988763988,39.436315291254246,14.580411964852928,14.580411964852928,-300.0,4.2022767034699896e-08,3.0,50000000.0,5,0.0,244645119.69018087,0.0,False,0.0
50.0,5,52bb211583b2,SAT-206,Delhi,False,,,71.40855128443363,172.1887953236555,629.9808761662426,18.591448715566372,21.270287764554993,21.270287764554993,-300.0,2.764236600097416e-31,0.0,50000000.0,5,0.0,275000000.0,0.0,False,0.0
50.0,5,52bb211583b2,SAT-206,Ahmedabad-SAC,False,,,38.02314121725496,47.274598041663275,913.5854518289478,51.97685878274504,10.567999934448466,10.567999934448466,-300.0,0.0003677649615794175,3.0,50000000.0,5,0.0,181597398.97003332,0.0,False,0.0
50.0,5,52bb211583b2,SAT-207,Delhi,False,,,72.16744976553564,95.72060302319109,627.4987319487287,17.832550234464364,21.33055875860431,21.33055875860431,-300.0,1.076577292034057e-31,0.0,50000000.0,5,0.0,275000000.0,0.0,False,0.0
50.0,5,52bb211583b2,SAT-208,Delhi,False,,,56.52367978474964,65.63765016990385,706.2656985595291,33.47632021525036,19.512843714683456,19.512843714683456,-300.0,1.621625370968022e-21,0.0,50000000.0,5,0.0,275000000.0,0.0,False,0.0
50.0,5,52bb211583b2,SAT-209,Delhi,False,,,42.716876887565945,56.69886017961349,843.7521224688714,47.283123112434055,16.718526741132763,16.718526741132763,-300.0,3.5977010136939246e-12,0.0,50000000.0,5,0.0,275000000.0,0.0,False,0.0
50.0,5,52bb211583b2,SAT-300,Guwahati,False,,,38.31354061265355,232.53189052135843,908.8141537510771,51.68645938734645,12.71681007667857,12.71681007667857,-300.0,7.676909743901506e-06,0.5,50000000.0,5,0.0,214980865.62700868,0.0,False,0.0
50.0,5,52bb211583b2,SAT-301,Guwahati,True,0,0,50.805178992218615,237.52958525304535,753.198822715337,39.194821007781385,18.87672502061521,14.53434661699313,2.350047882759311,4.913917404654377e-08,0.5,50000000.0,10,243905876.02714851,265380363.54658327,2439058760.2714853,False,50.0
50.0,5,52bb211583b2,SAT-302,Guwahati,True,1,0,67.3179538134738,251.98189576776963,645.4766785427893,22.682046186526193,17.338070738482017,11.848383009162243,4.047856483912781,4.573279801506793e-05,0.5,50000000.0,3.9545454545454546,201362901.19910264,275000000.0,2013629011.9910264,False,50.0
50.0,5,52bb211583b2,SAT-304,Guwahati,True,3,0,63.54573696985487,18.495569253573255,663.1780467146432,26.45426303014513,16.90656779256895,11.4154576193532,4.049838879266302,9.883721399788502e-05,0.5,50000000.0,3.9545454545454546,194634421.1305578,275000000.0,1946344211.305578,False,50.0
50.0,5,52bb211583b2,SAT-305,Guwahati,True,2,0,47.77822783397848,29.45608819369409,783.3327529117258,42.22177216602152,18.231236388567254,13.767186893540167,2.5410047950971326,5.322598174530389e-07,0.5,50000000.0,10,231636002.9057142,254950300.15893704,1853088023.2457137,True,0.0
50.0,5,52bb211583b2,SAT-306,Guwahati,False,,,36.1359925329341,33.671453564397765,946.2162786136644,53.8640074670659,12.017759324933976,12.017759324933976,-300.0,3.314548668481692e-05,0.5,50000000.0,5,0.0,204006764.274002,0.0,False,0.0
60.0,6,52bb211583b2,SAT-001,Delhi,False,,,53.74872533669124,211.61986306676457,727.5410440052499,36.25127466330876,19.05215737853827,19.05215737853827,-300.0,1.5347610978400553e-19,0.0,50000000.0,5,0.0,275000000.0,0.0,False,0.0
60.0,6,52bb211583b2,SAT-001,Ahmedabad-SAC,True,1,0,54.33511420626699,42.073895374686586,722.8208066514507,35.66488579373301,18.471087213369685,16.106887336607688,-1.4054074011422168,8.420081379193914e-11,3.0,50000000.0,10,269276183.80445796,258820960.99941006,2692761838.0445795,False,60.0
60.0,6,52bb211583b2,SAT-002,Delhi,True,0,0,71.70576653361584,197.81000554973943,628.9946311637902,18.294233466384156,17.78224421155339,16.218557188579492,-3.63106786335923,4.888767227312365e-11,0.0,50000000.0,2.2272727272727275,271087161.9154548,275000000.0,2710871619.154548,False,60.0
60.0,6,52bb211583b2,SAT-002,Ahmedabad-SAC,False,,,40.560499056215605,41.60461897485122,873.980359656125,49.439500943784395,11.540989763020903,11.540989763020903,-300.0,7.963485227706826e-05,3.0,50000000.0,5,0.0,196580963.37389252,0.0,False,0.0
60.0,6,52bb211583b2,SAT-004,Delhi,True,2,0,61.739404666623194,57.917150545006315,672.9253111471068,28.260595333376806,16.747463638452402,11.32018002032169,3.960632938566677,0.00011599383692103458,0.0,50000000.0,2.2272727272727275,193159536.91450027,275000000.0,1931595369.1450026,False,60.0
60.0,6,52bb211583b2,SAT-005,Delhi,True,3,0,46.06547763781462,51.352692865597675,802.2684993530635,43.93452236218538,16.500587723288334,8.285520617145592,7.505003660744317,0.004718154764338921,0.0,50000000.0,3.9545454545454546,147601081.67222998,275000000.0,1476010816.7222998,False,60.0
60.0,6,52bb211583b2,SAT-006,Delhi,True,1,0,34.82095628698121,48.732936312130576,970.7287980863514,55.17904371301879,17.455306673465174,10.687145731979331,5.741864089577639,0.00031011613639437375,0.0,50000000.0,10,183418735.8117676,242472936.84153792,1834187358.117676,False,10.0
60.0,6,52bb211583b2,SAT-101,Bengaluru-ISTRAC,True,0,0,54.6994411912989,332.6312172852894,719.9501297383862,35.3005588087011,16.572474491768418,11.76871681500803,3.0590266481286355,5.299257497046453e-05,0.0,50000000.0,1.3636363636363638,200121530.59787437,275000000.0,2001215305.9787438,False,60.0
60.0,6,52bb211583b2,SAT-101,Ahmedabad-SAC,False,,,30.19627935155448,155.4135777247885,1070.341723796097,59.80372064844552,6.844360247050233,6.844360247050233,-300.0,0.013940260376835904,3.0,50000000.0,5,0.0,127242075.62878272,0.0,False,0.0
60.0,6,52bb211583b2,SAT-102,Bengaluru-ISTRAC,True,1,0,72.94253175561887,347.2901825006679,625.0850394460973,17.057468244381127,18.746657116076506,14.776294843550986,1.7458391010711463,2.1214505999772902e-08,0.0,50000000.0,1.3636363636363638,247791509.1077053,275000000.0,2477915091.077053,False,60.0
60.0,6,52bb211583b2,SAT-104,Bengaluru-ISTRAC,True,3,0,60.80537735896258,127.79392372714167,678.3109304846342,29.19462264103742,17.49397116550753,12.449934667016313,3.413366876884083,1.3780965909196651e-05,0.0,50000000.0,1.3636363636363638,210779937.4176727,275000000.0,2107799374.1767268,False,60.0
60.0,6,52bb211583b2,SAT-105,Bengaluru-ISTRAC,True,2,0,45.35558194006929,133.67341030410822,810.5507331604621,44.64441805993071,16.844841147967102,11.695257273641186,3.5661726521885972,6.0567324224023915e-05,0.0,50000000.0,2.2272727272727275,198978130.8657578,275000000.0,1989781308.657578,False,10.0
60.0,6,52bb211583b2,SAT-106,Bengaluru-ISTRAC,False,,,34.30960052481816,136.07138404279206,980.6815859346491,55.69039947518184,17.276416296849817,17.276416296849817,-300.0,1.3519629972460594e-13,0.0,50000000.0,5,0.0,275000000.0,0.0,False,0.0
60.0,6,52bb211583b2,SAT-200,Ahmedabad-SAC,False,,,40.01687098382682,213.48409540690955,882.0812221792656,49.98312901617318,11.340538359880725,11.340538359880725,-300.0,0.00011212495936849407,3.0,50000000.0,5,0.0,193474496.00296074,0.0,False,0.0
60.0,6,52bb211583b2,SAT-201,Ahmedabad-SAC,True,3,0,53.378134124467884,209.57706878628596,730.5888353864503,36.621865875532116,18.25950785332431,14.002695647495234,2.213886395064886,2.6734390062262165e-07,3.0,50000000.0,10,235394073.15391728,255406221.15047556,2353940731.5391726,False,60.0
60.0,6,52bb211583b2,SAT-202,Ahmedabad-SAC,True,2,0,71.27075685635751,196.43395569807015,630.4443348662775,18.729243143642492,17.072580190569695,11.328704270854239,4.398185180765868,0.0001143600010840293,3.0,50000000.0,3.9545454545454546,193291401.27068728,275000000.0,1932914012.706873,False,20.0
60.0,6,52bb211583b2,SAT-203,Delhi,False,,,34.75375339629514,211.54135899263227,972.0230018322612,55.24624660370486,14.423013965153771,14.423013965153771,-300.0,7.124906668214796e-08,0.0,50000000.0,5,0.0,242120347.0559564,0.0,False,0.0
60.0,6,52bb211583b2,SAT-203,Ahmedabad-SAC,True,0,0,80.42834286677285,95.14460090386888,607.7280493617316,9.571657133227149,16.687175403963508,12.030749282090223,2.836962199853013,3.232116242098881e-05,3.0,50000000.0,3.090909090909091,204209784.42232576,275000000.0,2042097844.2232575,False,10.0
60.0,6,52bb211583b2,SAT-204,Delhi,False,,,45.73180327264637,206.85405501721996,806.1287340839388,44.26819672735363,17.443406657944465,17.443406657944465,-300.0,4.6584869869755274e-14,0.0,50000000.0,5,0.0,275000000.0,0.0,False,0.0
60.0,6,52bb211583b2,SAT-204,Ahmedabad-SAC,False,,,62.19524679628566,55.73707579423711,670.38368287365,27.80475320371434,16.92606970514933,16.92606970514933,-300.0,1.113664956687138e-12,3.0,50000000.0,5,0.0,275000000.0,0.0,False,0.0
60.0,6,52bb211583b2,SAT-205,Delhi,False,,,60.4809925622837,195.62587217000313,680.238322202918,29.519007437716297,20.092964450430514,20.092964450430514,-300.0,2.5559550008811773e-24,0.0,50000000.0,5,0.0,275000000.0,0.0,False,0.0
60.0,6,52bb211583b2,SAT-205,Ahmedabad-SAC,False,,,46.395922192882814,49.047439333014864,798.5018434356741,43.604077807117186,13.450741771697167,13.450741771697167,-300.0,1.270849856009896e-06,3.0,50000000.0,5,0.0,226599409.61985758,0.0,False,0.0
60.0,6,52bb211583b2,SAT-206,Delhi,False,,,74.93321482533857,152.74680057655488,619.4341041965317,15.066785174661433,21.52785903627172,21.52785903627172,-300.0,4.479803703294019e-33,0.0,50000000.0,5,0.0,275000000.0,0.0,False,0.0
60.0,6,52bb211583b2,SAT-206,Ahmedabad-SAC,False,,,35.054166665507125,46.40787765935181,966.2695459676291,54.945833334492875,9.29765633768416,9.29765633768416,-300.0,0.0017691198763282502,3.0,50000000.0,5,0.0,162447903.01254997,0.0,False,0.0
60.0,6,52bb211583b2,SAT-207,Delhi,False,,,68.02253179303722,81.23075727326685,642.5442550824047,21.977468206962783,20.968422499434595,20.968422499434595,-300.0,2.5698672896864957e-29,0.0,50000000.0,5,0.0,275000000.0,0.0,False,0.0
60.0,6,52bb211583b2,SAT-208,Delhi,False,,,52.071974418281265,61.661380663187856,741.7426598376394,37.928025581718735,18.750993861594353,18.750993861594353,-300.0,2.3457348685696788e-18,0.0,50000000.0,5,0.0,275000000.0,0.0,False,0.0
60.0,6,52bb211583b2,SAT-209,Delhi,False,,,39.37551610479042,54.95251189473273,891.9016024080605,50.62448389520958,15.827436729020135,15.827436729020135,-300.0,3.0961282715794315e-10,0.0,50000000.0,5,0.0,264749204.12630612,0.0,False,0.0
60.0,6,52bb211583b2,SAT-300,Guwahati,False,,,41.58375643452764,233.94573812306783,859.2669587777588,48.41624356547236,13.673793644760522,13.673793644760522,-300.0,6.925469887528796e-07,0.5,50000000.0,5,0.0,230147954.07115555,0.0,False,0.0
60.0,6,52bb211583b2,SAT-301,Guwahati,True,0,0,55.28407624300921,240.608375461118,715.4409176115832,34.71592375699079,16.543579261029365,12.90475709616043,1.1774770661355,4.978075685050392e-06,0.5,50000000.0,4.818181818181818,217947292.8964907,275000000.0,2179472928.9649067,False,60.0
60.0,6,52bb211583b2,SAT-302,Guwahati,True,1,0,72.25481540429371,263.5678290897365,627.2205695815144,17.74518459570629,16.72351084015814,12.814985194469827,1.6421376821341818,6.136084991973145e-06,0.5,50000000.0,3.090909090909091,216529598.0914776,275000000.0,2165295980.914776,False,60.0
60.0,6,52bb211583b2,SAT-304,Guwahati,True,3,0,58.3620580729231,22.73626316005545,693.5796840515987,31.637941927076902,17.04509623807553,11.746240495120745,3.7795227699290104,5.5216298502730354e-05,0.5,50000000.0,4.818181818181818,199771557.0532031,275000000.0,1997715570.532031,False,60.0
60.0,6,52bb211583b2,SAT-305,Guwahati,True,2,0,43.86030345963716,30.7688722513009,828.8806865318758,46.13969654036284,17.290572751189785,12.332032964430324,3.28834539872419,1.7655136860705612e-05,0.5,50000000.0,10,208928401.63346934,239833433.550638,2089284016.3346934,False,10.0
60.0,6,52bb211583b2,SAT-306,Guwahati,False,,,33.33071336401435,34.255822061541366,1000.4269608939479,56.66928663598565,11.035565334002655,11.035565334002655,-300.0,0.00018353569671230568,0.5,50000000.0,5,0.0,188767140.08880526,0.0,False,0.0
70.0,7,52bb211583b2,SAT-001,Delhi,False,,,58.73848070686113,209.9057089109104,691.1121161433792,31.261519293138868,19.848301976841014,19.848301976841014,-300.0,4.3130104427448597e-23,0.0,50000000.0,5,0.0,275000000.0,0.0,False,0.0
70.0,7,52bb211583b2,SAT-001,Ahmedabad-SAC,True,1,0,49.71251626971134,41.49222124129251,763.6121703768764,40.28748373028866,17.374080534619424,15.062216310940393,-1.5311305394161279,7.401212358260632e-09,3.0,50000000.0,10,252392316.22019678,241171022.37802294,2523923162.2019677,False,70.0
70.0,7,52bb211583b2,SAT-002,Delhi,True,0,0,77.45958703804465,185.83831162794615,613.360613958914,12.540412961955354,18.165999350777412,16.445437208491455,-3.1324937144895055,1.551618344253866e-11,0.0,50000000.0,2.2272727272727275,274769851.2258786,275000000.0,2747698512.258786,False,70.0
70.0,7,52bb211583b2,SAT-002,Ahmedabad-SAC,False,,,37.31195111275397,41.2667527295146,925.5460660030852,52.68804888724603,10.27740227882012,10.27740227882012,-300.0,0.0005475103000873937,3.0,50000000.0,5,0.0,177172216.222955,0.0,False,0.0
70.0,7,52bb211583b2,SAT-004,Delhi,True,2,0,56.608504622371754,54.66833053134544,705.6565415269491,33.391495377628246,17.43737073195122,11.581465889376275,4.5502013355353945,7.418256487595493e-05,0.0,50000000.0,3.090909090909091,197209390.71280202,275000000.0,1972093907.1280203,False,70.0
70.0,7,52bb211583b2,SAT-005,Delhi,True,3,0,42.31984203119413,50.086143691498634,849.0980269896016,47.68015796880587,16.45677631314952,7.793850502124321,8.027797928192308,0.007084075644098813,0.0,50000000.0,4.818181818181818,140543435.7651699,275000000.0,1405434357.6516988,False,70.0
70.0,7,52bb211583b2,SAT-006,Delhi,True,1,0,32.14826095805815,48.038451096512325,1025.5549375744718,57.85173904194185,16.54130890909228,8.992851762462532,6.708494357588118,0.0024307957364565393,0.0,50000000.0,10,157934777.09607238,227875497.2635949,1579347770.9607239,False,20.0
70.0,7,52bb211583b2,SAT-101,Bengaluru-ISTRAC,True,0,0,59.79432590468,334.3096767331798,684.4173512617177,30.20567409532,17.355821988483086,12.728340342565911,2.792879525640426,7.479427256072867e-06,0.0,50000000.0,1.3636363636363638,215162666.52815232,275000000.0,2151626665.281523,False,70.0
70.0,7,52bb211583b2,SAT-102,Bengaluru-ISTRAC,True,1,0,78.70904366498034,0.787612374292882,610.7957456816616,11.290956335019658,19.09904138134472,15.055346051691691,1.8675485332724049,7.59693740955704e-09,0.0,50000000.0,1.3636363636363638,252281656.02256545,275000000.0,2522816560.2256546,False,70.0
70.0,7,52bb211583b2,SAT-104,Bengaluru-ISTRAC,True,3,0,55.73993059580207,130.83014351131231,712.0066889661215,34.26006940419793,16.74465800691212,10.804479179231128,4.663650058238701,0.0002610470955095379,0.0,50000000.0,1.3636363636363638,185216213.5004025,275000000.0,1852162135.004025,False,70.0
70.0,7,52bb211583b2,SAT-105,Bengaluru-ISTRAC,True,2,0,41.679796834081564,134.92941638839645,857.9208357379333,48.320203165918436,17.36340906998403,12.065698212470588,3.777898271448405,3.019293493309737e-05,0.0,50000000.0,3.090909090909091,204756179.0327761,275000000.0,2047561790.327761,False,20.0
70.0,7,52bb211583b2,SAT-106,Bengaluru-ISTRAC,False,,,31.68537667038752,136.79233109105164,1035.7912976163416,58.31462332961248,16.3641498654481,16.3641498654481,-300.0,2.356655756879714e-11,0.0,50000000.0,5,0.0,273449903.01346016,0.0,False,0.0
70.0,7,52bb211583b2,SAT-200,Ahmedabad-SAC,False,,,43.56117738783438,212.9930993259552,832.6974817218469,46.43882261216562,12.575443492235394,12.575443492235394,-300.0,1.0510901972329058e-05,3.0,50000000.0,5,0.0,212753909.677128,0.0,False,0.0
70.0,7,52bb211583b2,SAT-201,Ahmedabad-SAC,True,3,0,58.338674115033726,207.98134979454147,693.734398783936,31.661325884966274,16.10435342437256,12.520903482127135,1.0794027509472865,1.1834766733527665e-05,3.0,50000000.0,4.818181818181818,211895745.76344788,271844254.26767784,2118957457.6344788,False,70.0
70.0,7,52bb211583b2,SAT-202,Ahmedabad-SAC,True,2,0,77.08604716592684,185.3975163120516,614.1831480381882,12.913952834073157,16.49087251413384,11.966954231658526,2.633869419262134,3.655142612317998e-05,3.0,50000000.0,3.090909090909091,203213076.70387226,275000000.0,2032130767.0387225,False,30.0
70.0,7,52bb211583b2,SAT-203,Delhi,False,,,37.695698239167555,210.73331066421878,919.0431369699348,52.304301760832445,15.341454101547825,15.341454101547825,-300.0,2.4744709402245205e-09,0.0,50000000.0,5,0.0,256894429.29044408,0.0,False,0.0
70.0,7,52bb211583b2,SAT-203,Ahmedabad-SAC,True,0,0,75.66381201084891,71.53527033261439,617.5535851281456,14.336187989151085,16.388933183310257,12.289618541084089,1.958969365401324,1.927081047490948e-05,3.0,50000000.0,3.090909090909091,208262997.78442642,275000000.0,2082629977.8442643,False,20.0
70.0,7,52bb211583b2,SAT-204,Delhi,False,,,49.79968099179519,204.9752774006242,762.7627852036492,40.20031900820481,18.31405252775299,18.31405252775299,-300.0,8.922557441167044e-17,0.0,50000000.0,5,0.0,275000000.0,0.0,False,0.0
70.0,7,52bb211583b2,SAT-204,Ahmedabad-SAC,False,,,57.03206253596419,52.36962240315767,702.6498641679163,32.96793746403581,16.016529030730283,16.016529030730283,-300.0,1.2944122251033757e-10,3.0,50000000.0,5,0.0,267811634.25783086,0.0,False,0.0
70.0,7,52bb211583b2,SAT-205,Delhi,False,,,65.53924443918753,189.33065641011603,653.3931102960843,24.460755560812473,20.711925697713326,20.711925697713326,-300.0,9.527363103055618e-28,0.0,50000000.0,5,0.0,275000000.0,0.0,False,0.0
70.0,7,52bb211583b2,SAT-205,Ahmedabad-SAC,False,,,42.61948510435932,47.739127132166615,845.0545948744178,47.38051489564068,12.263412772066388,12.263412772066388,-300.0,2.033385754146663e-05,3.0,50000000.0,5,0.0,207852058.5173135,0.0,False,0.0
70.0,7,52bb211583b2,SAT-206,Delhi,False,,,76.05699541330654,125.996621184986,616.5837013747793,13.943004586693462,21.598142201361483,21.598142201361483,-300.0,1.393623288905132e-33,0.0,50000000.0,5,0.0,275000000.0,0.0,False,0.0
70.0,7,52bb211583b2,SAT-206,Ahmedabad-SAC,False,,,32.360708564266936,45.687855577895995,1020.9335025515201,57.639291435733064,8.001832438831187,8.001832438831187,-300.0,0.00599537534755075,3.0,50000000.0,5,0.0,143515633.99187207,0.0,False,0.0
70.0,7,52bb211583b2,SAT-207,Delhi,False,,,63.28214282056978,71.97796223049649,664.5470135986589,26.71785717943022,20.452097437131982,20.452097437131982,-300.0,3.0020372260510737e-26,0.0,50000000.0,5,0.0,275000000.0,0.0,False,0.0
70.0,7,52bb211583b2,SAT-208,Delhi,False,,,47.92406514045239,58.71122005056178,781.7861024549599,42.07593485954761,17.927217038510847,17.927217038510847,-300.0,1.6766729923003588e-15,0.0,50000000.0,5,0.0,275000000.0,0.0,False,0.0
70.0,7,52bb211583b2,SAT-209,Delhi,False,,,36.331930838910814,53.53122547483667,942.6925267179257,53.668069161089186,14.92676574211552,14.92676574211552,-300.0,1.2291514091749246e-08,0.0,50000000.0,5,0.0,250211581.99939957,0.0,False,0.0
70.0,7,52bb211583b2,SAT-300,Guwahati,False,,,45.18275789326555,235.7019379320405,812.607113868603,44.81724210673445,14.611804403509069,14.611804403509069,-300.0,3.7738168278567865e-08,0.5,50000000.0,5,0.0,245149048.05588228,0.0,False,0.0
70.0,7,52bb211583b2,SAT-301,Guwahati,True,0,0,60.080869102847224,244.90719946851226,682.6569616332933,29.919130897152776,16.44263718815121,13.001398500102397,0.8229501795738874,3.9559304071788124e-06,0.5,50000000.0,3.9545454545454546,219475068.49787453,275000000.0,2194750684.9787455,False,70.0
70.0,7,52bb211583b2,SAT-302,Guwahati,True,1,0,76.18279259124155,283.4084724034714,616.2795731614917,13.817207408758449,17.001920712958338,13.449926145656857,1.0232550307052217,1.2736044649146343e-06,0.5,50000000.0,3.090909090909091,226586447.9981154,275000000.0,2265864479.981154,False,70.0
70.0,7,52bb211583b2,SAT-304,Guwahati,True,3,0,53.53079343015409,25.63143107114188,729.3272137217195,36.46920656984591,16.23138399931304,10.942911513669141,3.7647832063708417,0.00021182929225347326,0.5,50000000.0,4.818181818181818,187341702.7120271,273906167.625112,1873417027.120271,False,70.0
70.0,7,52bb211583b2,SAT-305,Guwahati,True,2,0,40.320180058599554,31.80628356182682,877.5366317553294,49.679819941400446,16.32683493171666,11.294794001623155,3.395894117422254,0.00012098032566189883,0.5,50000000.0,10,192766937.94037518,224468075.0309167,1927669379.4037519,False,20.0
70.0,7,52bb211583b2,SAT-306,Guwahati,False,,,30.78487771259676,34.751445495057425,1056.3816718581277,59.21512228740324,10.054942962888006,10.054942962888006,-300.0,0.000730440500755221,0.5,50000000.0,5,0.0,173801677.14385775,0.0,False,0.0
80.0,8,52bb211583b2,SAT-001,Delhi,False,,,64.1723814341277,207.33122955205434,659.9950295382387,25.8276185658723,20.557668957274387,20.557668957274387,-300.0,7.573221686218361e-27,0.0,50000000.0,5,0.0,275000000.0,0.0,False,0.0
80.0,8,52bb211583b2,SAT-001,Ahmedabad-SAC,True,1,0,45.545779173713925,41.063985492931025,808.3059198832859,44.454220826286075,16.20822322790133,13.388795254326206,-0.3905199514719657,1.4963401521650792e-06,3.0,50000000.0,10,225615279.7069901,222586842.50007486,2256152797.069901,False,80.0
80.0,8,52bb211583b2,SAT-002,Delhi,True,0,0,82.03127856464977,156.59603472072874,605.3400767064703,7.968721435350233,18.36627844326263,15.430559777036834,-0.1504657759198576,1.7189650346740894e-09,0.0,50000000.0,2.2272727272727275,258332824.19627303,275000000.0,2583328241.9627304,False,80.0
80.0,8,52bb211583b2,SAT-002,Ahmedabad-SAC,False,,,34.38004952048038,40.99272430170831,979.295937011341,55.61995047951962,8.987067255315196,8.987067255315196,-300.0,0.0024450184225498143,3.0,50000000.0,5,0.0,157849463.69311118,0.0,False,0.0
80.0,8,52bb211583b2,SAT-004,Delhi,True,2,0,51.879288674415626,52.420142402837286,743.4438018883459,38.120711325584374,16.626409635078403,9.357862968965456,6.366447845536324,0.0016574107409206835,0.0,50000000.0,3.090909090909091,163343374.4666255,275000000.0,1633433744.666255,False,80.0
80.0,8,52bb211583b2,SAT-005,Delhi,True,3,0,38.93361663545379,49.08245517427777,898.8385012778642,51.06638336454621,18.712464316798744,13.065454812046157,4.265592128676301,3.3877118019823737e-06,0.0,50000000.0,10,220488612.3480875,262722225.7217298,2204886123.480875,False,80.0
80.0,8,52bb211583b2,SAT-101,Bengaluru-ISTRAC,True,0,0,65.3372776187717,336.8616668726454,654.3396878231708,24.662722381228306,18.04701022537975,13.553824095168537,2.5862878162594156,9.635453723064839e-07,0.0,50000000.0,1.3636363636363638,228238396.022028,275000000.0,2282383960.22028,False,80.0
80.0,8,52bb211583b2,SAT-102,Bengaluru-ISTRAC,True,1,0,82.928192634366,35.89073531003875,604.1994871308702,7.071807365634001,19.264204607069374,14.952212694240698,2.301875117880999,1.1187304236949259e-08,0.0,50000000.0,1.3636363636363638,250621114.4499947,275000000.0,2506211144.499947,False,80.0
80.0,8,52bb211583b2,SAT-104,Bengaluru-ISTRAC,True,3,0,51.083940743937674,132.96253766737013,750.6221493249261,38.916059256062326,18.05319704965902,12.028950524455029,4.776074016318225,3.243421312785862e-05,0.0,50000000.0,2.2272727272727275,204181669.4864651,275000000.0,2041816694.864651,False,80.0
80.0,8,52bb211583b2,SAT-105,Bengaluru-ISTRAC,True,2,0,38.35645583656088,135.93538344472418,908.1144847199178,51.64354416343912,16.446965759362314,9.611514107693216,5.8269179525449974,0.001247456783023798,0.0,50000000.0,3.090909090909091,167130012.06966588,275000000.0,1671300120.6966588,False,30.0
80.0,8,52bb211583b2,SAT-200,Ahmedabad-SAC,False,,,47.49803245224507,212.36500238774565,786.3326084225674,42.50196754775493,13.766769370143734,13.766769370143734,-300.0,5.328930785067432e-07,3.0,50000000.0,5,0.0,231629347.5511494,0.0,False,0.0
80.0,8,52bb211583b2,SAT-201,Ahmedabad-SAC,True,3,0,63.75024361444609,205.5989917447422,662.1282612060935,26.24975638555391,17.002297532826205,13.528241881432244,0.882733021055318,1.0326778476806247e-06,3.0,50000000.0,4.818181818181818,227831489.59540087,275000000.0,2278314895.9540086,False,80.0
80.0,8,52bb211583b2,SAT-202,Delhi,False,,,31.268883540729302,213.18168235700605,1045.2016719502913,58.731116459270694,13.21173821001993,13.21173821001993,-300.0,2.3577450107431515e-06,0.0,50000000.0,5,0.0,222805833.73490232,0.0,False,0.0
80.0,8,52bb211583b2,SAT-202,Ahmedabad-SAC,True,2,0,81.91254214216104,158.31218504055244,605.5015369782756,8.087457857838956,16.7552152896493,11.964127342233809,3.0400790509456592,3.674972907221306e-05,3.0,50000000.0,3.090909090909091,203168930.70036373,275000000.0,2031689307.0036373,False,40.0
80.0,8,52bb211583b2,SAT-203,Delhi,False,,,40.945521029487786,209.7457288144538,868.3634920522417,49.054478970512214,16.258208248871085,16.258208248871085,-300.0,4.017177095182767e-11,0.0,50000000.0,5,0.0,271730455.9538325,0.0,False,0.0
80.0,8,52bb211583b2,SAT-203,Ahmedabad-SAC,False,,,70.00973372394853,60.797939236598566,634.8710554330979,19.99026627605147,17.959824234085133,17.959824234085133,-300.0,1.3222900852622176e-15,3.0,50000000.0,5,0.0,275000000.0,0.0,False,0.0
80.0,8,52bb211583b2,SAT-204,Delhi,True,1,0,54.25408273913499,202.46765189599,723.4657055169072,35.74591726086501,17.050665018855412,14.416801547838444,-0.7886250273023458,7.272188105177715e-08,0.0,50000000.0,3.090909090909091,242020760.27894375,275000000.0,1936166082.23155,True,0.0
80.0,8,52bb211583b2,SAT-204,Ahmedabad-SAC,False,,,52.2666830301826,50.050829952235276,740.0384369857053,37.7333169698174,14.993573194107896,14.993573194107896,-300.0,9.589189315778053e-09,3.0,50000000.0,5,0.0,251286911.23995674,0.0,False,0.0
80.0,8,52bb211583b2,SAT-205,Delhi,False,,,70.51301843033082,179.2976434385722,633.0639523875894,19.486981569669183,21.195718296109106,21.195718296109106,-300.0,8.719939448315074e-31,0.0,50000000.0,5,0.0,275000000.0,0.0,False,0.0
80.0,8,52bb211583b2,SAT-205,Ahmedabad-SAC,False,,,39.204916657245285,46.703701238057775,894.5629309043752,50.795083342754715,11.033171912765923,11.033171912765923,-300.0,0.00018422338573445616,3.0,50000000.0,5,0.0,188730290.2377212,0.0,False,0.0
80.0,8,52bb211583b2,SAT-206,Delhi,False,,,74.16031485494553,100.70760195694331,621.5356671944927,15.839685145054474,21.47622489295098,21.47622489295098,-300.0,1.0438903097735002e-32,0.0,50000000.0,5,0.0,275000000.0,0.0,False,0.0
80.0,8,52bb211583b2,SAT-207,Delhi,False,,,58.47389599525175,65.858517022858,692.8420467966114,31.526104004748248,19.80968655025974,19.80968655025974,-300.0,6.641956377296268e-23,0.0,50000000.0,5,0.0,275000000.0,0.0,False,0.0
80.0,8,52bb211583b2,SAT-208,Delhi,False,,,44.110471010562364,56.44800923169058,825.7277570654462,45.889528989437636,17.062472063227176,17.062472063227176,-300.0,4.998090566242331e-13,0.0,50000000.0,5,0.0,275000000.0,0.0,False,0.0
80.0,8,52bb211583b2,SAT-209,Delhi,False,,,33.560140581827426,52.354172210865784,995.7155260985437,56.439859418172574,14.024060848794207,14.024060848794207,-300.0,2.5070173143685366e-07,0.0,50000000.0,5,0.0,235735394.9805217,0.0,False,0.0
80.0,8,52bb211583b2,SAT-300,Guwahati,False,,,49.1308522670215,237.93956298925445,769.3652410843107,40.8691477329785,15.517696546741675,15.517696546741675,-300.0,1.19524572474939e-09,0.5,50000000.0,5,0.0,259740230.86676928,0.0,False,0.0
80.0,8,52bb211583b2,SAT-301,Guwahati,True,0,0,65.07225057757361,251.24441145948097,655.5968927938817,24.927749422426388,17.090182018004512,13.668166059674341,0.7877583755506435,7.034977317406665e-07,0.5,50000000.0,3.9545454545454546,230058330.68867102,275000000.0,2300583306.88671,False,80.0
80.0,8,52bb211583b2,SAT-302,Guwahati,True,1,0,77.60557462828994,312.94107971556366,613.0461622283345,12.394425371710057,17.085003981050562,13.10014521198637,1.7700065864846117,3.1119793771570154e-06,0.5,50000000.0,3.090909090909091,221037802.44625127,275000000.0,2210378024.462513,False,80.0
80.0,8,52bb211583b2,SAT-304,Guwahati,True,3,0,49.10024387728267,27.726978785289624,769.6721164479313,40.89975612271733,18.521432076660872,13.208059435430252,3.800105531038363,2.379677784034018e-06,0.5,50000000.0,10,222747515.54101342,259634177.1937945,2227475155.4101343,False,80.0
80.0,8,52bb211583b2,SAT-305,Guwahati,True,2,0,37.12207074118359,32.64766963200157,928.8070675922178,52.87792925881641,15.35110869159351,8.062182791354038,6.391518344236457,0.005704204144578162,0.5,50000000.0,10,144381766.14107144,209066122.16380545,1443817661.4107144,False,30.0
90.0,9,52bb211583b2,SAT-001,Delhi,False,,,69.98136688994727,203.0686074557291,634.9745225646604,20.018633110052733,21.149669583437685,21.149669583437685,-300.0,1.7555014154819498e-30,0.0,50000000.0,5,0.0,275000000.0,0.0,False,0.0
90.0,9,52bb211583b2,SAT-001,Ahmedabad-SAC,True,1,0,41.79696521639871,40.73708109678202,856.2865060435663,48.20303478360129,14.99191031629293,8.13349496108409,5.8558644395331685,0.005373949423571884,3.0,50000000.0,10,145407316.35356933,203441981.04645154,1454073163.5356932,False,90.0
90.0,9,52bb211583b2,SAT-002,Delhi,True,0,0,82.10852031717728,105.04424439939194,605.2363589831417,7.89147968282272,18.36888390113745,15.612311799800766,-0.5232040758117402,7.990430736788487e-10,0.0,50000000.0,2.2272727272727275,261269300.60183904,275000000.0,2612693006.01839,False,90.0
90.0,9,52bb211583b2,SAT-002,Ahmedabad-SAC,False,,,31.725979824052523,40.766859227683,1034.884110229474,58.27402017594748,7.6739232892220315,7.6739232892220315,-300.0,0.00777443795881792,3.0,50000000.0,5,0.0,138838742.69586,0.0,False,0.0
90.0,9,52bb211583b2,SAT-004,Delhi,True,2,0,47.570442637412484,50.7788451493837,785.5537776742857,42.429557362587516,16.832796232647482,9.541475683985508,6.394462461064,0.001351351935570692,0.0,50000000.0,3.9545454545454546,166082212.47052565,275000000.0,1660822124.7052565,False,90.0
90.0,9,52bb211583b2,SAT-005,Delhi,True,3,0,35.87131758749679,48.26905655015962,951.0281161878179,54.12868241250321,17.79274702031799,11.360907977458917,5.311310625289552,0.00010836675916028807,0.0,50000000.0,10,193789730.68478987,247890404.93128157,1937897306.8478987,False,90.0
90.0,9,52bb211583b2,SAT-101,Bengaluru-ISTRAC,True,0,0,71.25365678447116,341.19328367516835,630.5021250473819,18.74634321552884,18.614943419604472,14.324401762931412,2.2677497578739807,9.826198361959743e-08,0.0,50000000.0,1.3636363636363638,240540156.62065747,275000000.0,2405401566.206575,False,90.0
90.0,9,52bb211583b2,SAT-102,Bengaluru-ISTRAC,True,1,0,81.87814859291528,89.38053114277785,605.5487646955186,8.12185140708472,19.23028902344869,14.789599978182526,2.504576544924278,2.022992277911077e-08,0.0,50000000.0,1.3636363636363638,248005392.40275398,275000000.0,2480053924.0275397,False,90.0
90.0,9,52bb211583b2,SAT-104,Bengaluru-ISTRAC,True,3,0,46.84818708652022,134.53944993029245,793.4356918509269,43.15181291347978,17.182193363608263,10.411789217953185,5.744705072327983,0.0004568918555170123,0.0,50000000.0,2.2272727272727275,179215579.1547614,275000000.0,1792155791.547614,False,90.0
90.0,9,52bb211583b2,SAT-105,Bengaluru-ISTRAC,True,2,0,35.34995129428943,136.75919194654395,960.6843746649735,54.65004870571057,16.597686456363746,9.677880019625341,5.933055723548694,0.00115510744934028,0.0,50000000.0,3.9545454545454546,168124408.19830018,275000000.0,1681244081.9830017,False,40.0
90.0,9,52bb211583b2,SAT-200,Ahmedabad-SAC,False,,,51.866540910299584,211.53511419665335,743.5568625501203,38.133459089700416,14.89886813864264,14.89886813864264,-300.0,1.3619322055215875e-08,3.0,50000000.0,5,0.0,249762695.72882783,0.0,False,0.0
90.0,9,52bb211583b2,SAT-201,Ahmedabad-SAC,True,3,0,69.5535212993695,201.68622670067228,636.5561113851131,20.446478700630493,16.891197317347945,13.997823397194349,-0.2370874041211769,2.712796126655998e-07,3.0,50000000.0,3.9545454545454546,235316245.03629202,275000000.0,2353162450.3629203,False,90.0
90.0,9,52bb211583b2,SAT-202,Delhi,False,,,33.860286980931214,212.60838801311886,989.6297609040575,56.139713019068786,14.125886283092782,14.125886283092782,-300.0,1.837749728985712e-07,0.0,50000000.0,5,0.0,237362990.72163257,0.0,False,0.0
90.0,9,52bb211583b2,SAT-202,Ahmedabad-SAC,True,2,0,82.49990987827515,105.93643152555978,604.7267426432866,7.500090121724853,16.778932443920354,13.59857777769204,0.3337008153397134,8.527375514349355e-07,3.0,50000000.0,3.090909090909091,228950483.90391612,275000000.0,2289504839.039161,False,50.0
90.0,9,52bb211583b2,SAT-204,Delhi,True,1,0,59.07559939065112,198.97244243158372,688.9385548951086,30.92440060934888,16.384972940727366,13.93063177024298,-1.1936833640605289,3.3131935704763483e-07,0.0,50000000.0,2.2272727272727275,234243285.25904384,275000000.0,2342432852.5904384,False,10.0
90.0,9,52bb211583b2,SAT-204,Ahmedabad-SAC,False,,,47.921720637489784,48.36377473074356,781.8108874161042,42.078279362510216,13.884844047328912,13.884844047328912,-300.0,3.790336474270586e-07,3.0,50000000.0,5,0.0,233512486.09012175,0.0,False,0.0
90.0,9,52bb211583b2,SAT-205,Delhi,False,,,74.76024495329422,162.47034234279437,619.8943473253153,15.239755046705781,21.51653778439689,21.51653778439689,-300.0,5.3974120381975895e-33,0.0,50000000.0,5,0.0,275000000.0,0.0,False,0.0
90.0,9,52bb211583b2,SAT-205,Ahmedabad-SAC,True,0,0,36.11708245634159,45.86528383011904,946.5580798977707,53.88291754365841,12.780422146017159,4.234426149804748,7.892163878245565,0.05173585569071326,3.0,50000000.0,10,93418549.78061195,169508973.97707182,747348398.2448956,True,0.0
90.0,9,52bb211583b2,SAT-206,Delhi,False,,,70.22083208072216,83.51094155546366,634.1064990873663,19.77916791927784,21.17057548783434,21.17057548783434,-300.0,1.278892118172539e-30,0.0,50000000.0,5,0.0,275000000.0,0.0,False,0.0
90.0,9,52bb211583b2,SAT-207,Delhi,False,,,53.85311088664912,61.6037877866235,726.691660895302,36.14688911335088,19.07032746548974,19.07032746548974,-300.0,1.2940873086472671e-19,0.0,50000000.0,5,0.0,275000000.0,0.0,False,0.0
90.0,9,52bb211583b2,SAT-208,Delhi,False,,,40.62894572492172,54.66327655198859,872.9746023062403,49.37105427507828,16.173110169234135,16.173110169234135,-300.0,6.109571259553635e-11,0.0,50000000.0,5,0.0,270350003.5111152,0.0,False,0.0
90.0,9,52bb211583b2,SAT-209,Delhi,False,,,31.032561083407995,51.36490121670257,1050.627247536378,58.967438916592,13.12428342316666,13.12428342316666,-300.0,2.9323429316168376e-06,0.0,50000000.0,5,0.0,221420059.85670936,0.0,False,0.0
90.0,9,52bb211583b2,SAT-300,Guwahati,False,,,53.43068942428765,240.88071102561793,730.1535290945058,36.56931057571235,16.37382479191045,16.37382479191045,-300.0,2.2431921073464716e-11,0.5,50000000.0,5,0.0,273606975.9425645,0.0,False,0.0
90.0,9,52bb211583b2,SAT-301,Guwahati,True,0,0,69.97562113340746,261.187208940167,634.9955010805805,20.024378866592542,16.52815556616237,13.31560439663357,0.39550120717484266,1.8096622735758887e-06,0.5,50000000.0,3.090909090909091,224453306.67423752,275000000.0,2244533066.7423754,False,90.0
90.0,9,52bb211583b2,SAT-302,Guwahati,True,1,0,75.6288575510633,341.1871235696008,617.6412305273824,14.371142448936695,16.967043640640767,13.342196487872606,1.1528155010822236,1.6894815909167743e-06,0.5,50000000.0,3.090909090909091,224875380.770257,275000000.0,2248753807.70257,False,90.0
90.0,9,52bb211583b2,SAT-304,Guwahati,True,3,0,45.07256450499003,29.312444114547134,813.9265932399283,44.92743549500997,17.59504058461775,12.296368923303575,3.779261585291559,1.9005147296670566e-05,0.5,50000000.0,10,208368874.64774826,244714598.4588305,2083688746.4774826,False,90.0
90.0,9,52bb211583b2,SAT-305,Guwahati,True,2,0,34.22876770648452,33.344724156648695,982.2772293778881,55.77123229351548,14.370910899015456,7.090385689387021,6.381187109280765,0.011844408783116628,0.5,50000000.0,10,130644430.62517263,193785133.12559286,1306444306.2517264,False,40.0
100.0,10,52bb211583b2,SAT-001,Delhi,False,,,75.97009285666832,194.83320595263444,616.7955446498286,14.029907143331684,21.592908750583078,21.592908750583078,-300.0,1.5212052148235338e-33,0.0,50000000.0,5,0.0,275000000.0,0.0,False,0.0
100.0,10,52bb211583b2,SAT-001,Ahmedabad-SAC,True,1,0,38.423301090150744,40.480609671064876,907.0274392343712,51.576698909849256,13.73823982107838,7.2463144540965505,5.388926345594197,0.010636172038161822,3.0,50000000.0,10,132817279.9405225,184043249.06126878,1328172799.405225,False,100.0
100.0,10,52bb211583b2,SAT-002,Delhi,True,0,0,77.60229034223248,75.09931350942597,613.0531932396074,12.397709657767521,18.17363253806468,15.26172707924296,-0.19907001718760625,3.4071306223953346e-09,0.0,50000000.0,2.2272727272727275,255608139.80943778,275000000.0,2556081398.094378,False,100.0
100.0,10,52bb211583b2,SAT-004,Delhi,True,2,0,43.66824619308485,49.53156019925698,831.3253998736917,46.33175380691515,16.79414887649108,9.461680065319506,6.444994554861166,0.001478173195338787,0.0,50000000.0,4.818181818181818,164890501.0798509,275000000.0,1648905010.7985091,False,100.0
100.0,10,52bb211583b2,SAT-005,Delhi,True,3,0,33.097008216986595,47.597714730165045,1005.2800824820484,56.902991783013405,16.87521246948002,9.780007639723994,6.152085225549503,0.001023969499032419,0.0,50000000.0,10,169657523.1738391,233194461.33912742,1696575231.738391,False,100.0
100.0,10,52bb211583b2,SAT-101,Bengaluru-ISTRAC,True,0,0,77.33350556941213,349.99822604013013,613.6353561635106,12.666494430587875,19.028432206573044,14.853355353240104,2.082308034505253,1.60783396522754e-08,0.0,50000000.0,1.3636363636363638,249030566.73047158,275000000.0,2490305667.3047156,False,100.0
100.0,10,52bb211583b2,SAT-102,Bengaluru-ISTRAC,True,1,0,76.81709060747586,114.62705474981121,614.7914352090951,13.182909392524138,18.99976910031856,14.214645029238994,3.031150567305239,1.393803867945053e-07,0.0,50000000.0,1.3636363636363638,238782886.89400318,275000000.0,2387828868.940032,False,100.0
100.0,10,52bb211583b2,SAT-104,Bengaluru-ISTRAC,True,3,0,43.01493487360166,135.75201784727852,839.8014320912328,46.98506512639834,17.704569983363896,10.302681151261543,6.530000744247077,0.0005294001859757044,0.0,50000000.0,3.090909090909091,177556173.89065573,275000000.0,1775561738.9065573,False,100.0
100.0,10,52bb211583b2,SAT-105,Bengaluru-ISTRAC,True,2,0,32.62472368107581,137.44630058190558,1015.2563524975765,57.37527631892419,16.53916966553696,8.521291244907212,7.271833730370837,0.0038236794866437357,0.0,50000000.0,4.818181818181818,151022887.91586575,275000000.0,1510228879.1586576,False,50.0
100.0,10,52bb211583b2,SAT-200,Ahmedabad-SAC,False,,,56.69627780579104,210.39080765040785,705.0286871399164,33.30372219420896,15.950496787093485,15.950496787093485,-300.0,1.7626590003136014e-10,3.0,50000000.0,5,0.0,266741836.97925568,0.0,False,0.0
100.0,10,52bb211583b2,SAT-201,Ahmedabad-SAC,True,3,0,75.57750522946736,194.20988577606497,617.770414422798,14.422494770532637,16.382388073785734,13.687047071809815,-0.6545579409620959,6.673740595930073e-07,3.0,50000000.0,3.090909090909091,230359043.39987674,275000000.0,2303590433.9987674,False,100.0
100.0,10,52bb211583b2,SAT-202,Delhi,False,,,36.715805080204305,211.92251680656548,935.8822919829744,53.284194919795695,15.04537795510933,15.04537795510933,-300.0,7.88959241771525e-09,0.0,50000000.0,5,0.0,252121107.96454254,0.0,False,0.0
100.0,10,52bb211583b2,SAT-202,Ahmedabad-SAC,True,2,0,78.15951845741384,73.44000887317223,611.8886367490984,11.840481542586161,16.56048792065812,13.703128505337238,-0.31146422881384567,6.379617319664661e-07,3.0,50000000.0,3.090909090909091,230615210.30108237,275000000.0,2306152103.0108237,False,60.0
100.0,10,52bb211583b2,SAT-204,Delhi,True,1,0,64.18453729695115,193.81974225009233,659.9342694488386,25.81546270304885,17.04711639601372,14.76959898267699,-1.6148154596918929,2.1726822843549848e-08,0.0,50000000.0,2.2272727272727275,247683879.487798,275000000.0,2476838794.87798,False,20.0
100.0,10,52bb211583b2,SAT-204,Ahmedabad-SAC,False,,,43.98544648695624,47.084752850123,827.2990467109377,46.01455351304376,12.712443790993632,12.712443790993632,-300.0,7.752912335207883e-06,3.0,50000000.0,5,0.0,214912027.583657,0.0,False,0.0
100.0,10,52bb211583b2,SAT-205,Delhi,False,,,77.0133878007431,136.17406870198502,614.3461509609907,12.986612199256896,21.653517793209517,21.653517793209517,-300.0,5.480408565775118e-34,0.0,50000000.0,5,0.0,275000000.0,0.0,False,0.0
100.0,10,52bb211583b2,SAT-205,Ahmedabad-SAC,True,0,0,33.32005577621333,45.17360614813639,1000.6470886360892,56.67994422378667,11.490825297867218,3.342648517417421,7.426123558086014,0.07086565333032263,3.0,50000000.0,10,82974782.84319703,150429571.75318706,829747828.4319704,False,10.0
100.0,10,52bb211583b2,SAT-206,Delhi,False,,,65.44034610838538,72.88400788930527,653.8553894572149,24.559653891614616,20.7010797992001,20.7010797992001,-300.0,1.104881621601879e-27,0.0,50000000.0,5,0.0,275000000.0,0.0,False,0.0
100.0,10,52bb211583b2,SAT-207,Delhi,False,,,49.534652286515765,58.5077855718273,765.3556201587431,40.465347713484235,18.260857969523798,18.260857969523798,-300.0,1.3563681733298913e-16,0.0,50000000.0,5,0.0,275000000.0,0.0,False,0.0
100.0,10,52bb211583b2,SAT-208,Delhi,False,,,37.460537144859444,53.22346571882522,923.0143358720824,52.539462855140556,15.271265376746811,15.271265376746811,-300.0,3.280204728769775e-09,0.0,50000000.0,5,0.0,255761991.84222052,0.0,False,0.0
100.0,10,52bb211583b2,SAT-300,Guwahati,False,,,58.05003655640513,244.89777271125703,695.6579523596549,31.949963443594868,17.15774028984113,17.15774028984113,-300.0,2.814097765230443e-13,0.5,50000000.0,5,0.0,275000000.0,0.0,False,0.0
100.0,10,52bb211583b2,SAT-301,Guwahati,True,0,0,74.17408456003201,277.5236180593161,621.4972080224901,15.825915439967986,16.8686313486467,13.845568458378597,0.02548846975413767,4.249390130456596e-07,0.5,50000000.0,3.090909090909091,232885865.38544506,275000000.0,2328858653.8544507,False,100.0
100.0,10,52bb211583b2,SAT-302,Guwahati,True,1,0,71.43496877938173,359.2850794710132,629.8924742800517,18.565031220618266,16.65614616806576,12.969346584253639,1.2616854336364263,4.271581758516304e-06,0.5,50000000.0,3.090909090909091,218968187.67907637,275000000.0,2189681876.790764,False,100.0
100.0,10,52bb211583b2,SAT-304,Guwahati,True,3,0,41.426519056381565,30.55399907754647,861.4835496025853,48.573480943618435,16.64046259373781,11.329331096710371,3.7969298034870658,0.00011424065162457247,0.5,50000000.0,10,193301098.54135084,229453224.10739592,1933010985.4135084,False,100.0
100.0,10,52bb211583b2,SAT-305,Guwahati,True,2,0,31.604600107531247,33.932520010629695,1037.6014311812512,58.39539989246875,13.390960654413036,6.135487740261857,6.350350241847069,0.021350152206754625,0.5,50000000.0,10,117627018.23163031,178741793.08234468,1176270182.316303,False,50.0
110.0,11,52bb211583b2,SAT-001,Delhi,False,,,81.50405870692883,174.4545148558256,606.0757804692802,8.49594129307117,21.859774618903614,21.859774618903614,-300.0,1.5243364767524392e-35,0.0,50000000.0,5,0.0,275000000.0,0.0,False,0.0
110.0,11,52bb211583b2,SAT-001,Ahmedabad-SAC,False,,,35.38189541761186,40.27509244460949,960.0858609499304,54.61810458238814,9.445539656911393,9.445539656911393,-300.0,0.0015049605159869128,3.0,50000000.0,5,0.0,164649720.82466793,0.0,False,0.0
110.0,11,52bb211583b2,SAT-002,Delhi,True,0,0,71.8587819887564,62.874686971921584,628.4939963404806,18.141218011243595,17.794400447296567,14.114785456630614,1.2491198535620094,1.9016855324187103e-07,0.0,50000000.0,2.2272727272727275,237185483.55595136,275000000.0,2371854835.5595136,False,110.0
110.0,11,52bb211583b2,SAT-004,Delhi,True,2,0,40.14305979417593,48.5538999965217,880.1828186070532,49.85694020582407,19.051082961724873,11.687310824619551,6.483363877876943,6.144116414742944e-05,0.0,50000000.0,10,198854517.2976669,268204676.20151657,1988545172.976669,False,110.0
110.0,11,52bb211583b2,SAT-005,Delhi,True,3,0,30.57671235810143,47.03516886209163,1061.2725410361743,59.42328764189857,15.963861332122079,6.340338137894722,9.122029574673263,0.018993531779589512,0.0,50000000.0,10,120375813.57430176,218718620.5386872,1203758135.7430177,False,110.0
110.0,11,52bb211583b2,SAT-101,Bengaluru-ISTRAC,True,0,0,82.82342127415346,14.235951968178256,604.325541946513,7.176578725846539,19.261033202434277,15.131844400092016,2.0077651966071413,5.667991534901951e-09,0.0,50000000.0,1.3636363636363638,253514122.55572757,275000000.0,2535141225.557276,False,110.0
110.0,11,52bb211583b2,SAT-102,Bengaluru-ISTRAC,True,1,0,70.93785214520614,124.82200558650075,631.5803780944957,19.062147854793864,18.588846401479017,13.39294605314553,3.632709679684411,1.4801562027722973e-06,0.0,50000000.0,1.3636363636363638,225681203.350153,275000000.0,2256812033.50153,False,110.0
110.0,11,52bb211583b2,SAT-104,Bengaluru-ISTRAC,True,3,0,39.552711347386655,136.71324128420255,889.1594118458884,50.447288652613345,16.788326739141723,7.006327988422953,9.299511929138033,0.012534016472708874,0.0,50000000.0,3.090909090909091,129478351.89758,275000000.0,1294783518.9758,False,110.0
110.0,11,52bb211583b2,SAT-105,Bengaluru-ISTRAC,True,2,0,30.14740558654188,138.02825459258455,1071.5192452201338,59.85259441345812,18.80059372498887,10.767551114932402,7.289834114369654,0.0002757192488385824,0.0,50000000.0,10,184650091.59251875,264148052.60129422,1846500915.9251876,False,60.0
110.0,11,52bb211583b2,SAT-200,Ahmedabad-SAC,False,,,61.9966767681946,208.71748142759463,671.4839404066325,28.003323231805403,16.894610605014037,16.894610605014037,-300.0,1.3350359041972463e-12,3.0,50000000.0,5,0.0,275000000.0,0.0,False,0.0
110.0,11,52bb211583b2,SAT-201,Delhi,False,,,30.470156779069445,214.10207837440106,1063.7955714594416,59.52984322093056,12.9132647105683,12.9132647105683,-300.0,4.879326939226321e-06,0.0,50000000.0,5,0.0,218081721.28872618,0.0,False,0.0
110.0,11,52bb211583b2,SAT-201,Ahmedabad-SAC,True,3,0,81.27937579811082,175.84314823346634,606.4040764946805,8.72062420188918,16.727613989281295,13.811564023302388,-0.19059084107589958,4.6877386753375694e-07,3.0,50000000.0,3.090909090909091,232343524.3135612,275000000.0,2323435243.135612,False,110.0
110.0,11,52bb211583b2,SAT-202,Delhi,False,,,39.87042196789199,211.08846602882642,884.2982333991876,50.12957803210801,15.965610593564108,15.965610593564108,-300.0,1.643052379089785e-10,0.0,50000000.0,5,0.0,266986662.44531336,0.0,False,0.0
110.0,11,52bb211583b2,SAT-202,Ahmedabad-SAC,True,2,0,72.41513354646698,60.508672215359056,626.7141787810633,17.584866453533024,17.183858367340164,14.327206101251722,-0.3129312332593578,9.737728669555992e-08,3.0,50000000.0,3.9545454545454546,240585076.6222994,275000000.0,2405850766.222994,False,70.0
110.0,11,52bb211583b2,SAT-204,Delhi,True,1,0,69.3795398071937,185.66293357134697,637.2106004725833,20.620460192806306,17.58396527613256,15.28109463316805,-1.552951461613534,3.1540838065311554e-09,0.0,50000000.0,2.2272727272727275,255920547.22027743,275000000.0,2559205472.202774,False,30.0
110.0,11,52bb211583b2,SAT-204,Ahmedabad-SAC,False,,,40.42913370815047,46.083829455063494,875.9194791041642,49.57086629184953,11.492936223755422,11.492936223755422,-300.0,8.656048776080775e-05,3.0,50000000.0,5,0.0,195835388.49498907,0.0,False,0.0
110.0,11,52bb211583b2,SAT-205,Delhi,False,,,76.039798753046,107.14284769195024,616.625508465936,13.960201246954,21.597109257033367,21.597109257033367,-300.0,1.4179390559299896e-33,0.0,50000000.0,5,0.0,275000000.0,0.0,False,0.0
110.0,11,52bb211583b2,SAT-205,Ahmedabad-SAC,True,0,1,30.779695281925854,44.594097612043804,1056.5028258047976,59.220304718074146,10.177843912928594,10.177843912928594,-300.0,0.000623964528273668,3.0,50000000.0,10,175661908.90526724,131718051.9072948,1756619089.0526724,False,20.0
110.0,11,52bb211583b2,SAT-206,Delhi,False,,,60.49489235595579,66.10748799412372,680.1551230978368,29.50510764404421,20.09484951256917,20.09484951256917,-300.0,2.499363241977652e-24,0.0,50000000.0,5,0.0,275000000.0,0.0,False,0.0
110.0,11,52bb211583b2,SAT-207,Delhi,False,,,45.559973194542856,56.16822622844535,808.1391578985155,44.440026805457144,17.403987095115923,17.403987095115923,-300.0,6.012520000022422e-14,0.0,50000000.0,5,0.0,275000000.0,0.0,False,0.0
110.0,11,52bb211583b2,SAT-208,Delhi,False,,,34.578785677664506,52.03970943767238,975.4120518324918,55.421214322335494,14.365522847090958,14.365522847090958,-300.0,8.600882779021848e-08,0.0,50000000.0,5,0.0,241198938.96792758,0.0,False,0.0
110.0,11,52bb211583b2,SAT-300,Guwahati,True,2,0,62.8904455350906,250.64755392722788,666.6145912126495,27.1095544649094,16.823908860125428,13.201018593114071,1.1493573521527751,2.422174805412287e-06,0.5,50000000.0,3.9545454545454546,222635906.06709546,275000000.0,1781087248.5367637,True,0.0
110.0,11,52bb211583b2,SAT-301,Guwahati,True,0,0,76.48104384291413,302.66331109508,615.5704367071279,13.518956157085867,17.020110299013098,12.173604526024253,3.122755879582228,2.4385296420349056e-05,0.5,50000000.0,3.090909090909091,206444811.57813644,275000000.0,2064448115.7813644,False,110.0
110.0,11,52bb211583b2,SAT-302,Guwahati,True,1,0,66.42335294766069,9.858373443281215,649.3649214763954,23.57664705233931,17.242448753892774,13.233198003987106,1.8105503159039926,2.233435810133156e-06,0.5,50000000.0,3.9545454545454546,223146072.36912534,275000000.0,2231460723.691253,False,110.0
110.0,11,52bb211583b2,SAT-304,Guwahati,False,,,38.13005951693169,31.553277108648494,911.8212892538997,51.86994048306831,12.659901813385588,12.659901813385588,-300.0,8.722244964946191e-06,0.5,50000000.0,5,0.0,214083937.3619503,0.0,False,0.0
120.0,12,52bb211583b2,SAT-002,Delhi,True,0,0,66.05630157940558,56.830328305698075,651.0146256543437,23.943698420594416,17.255870251038942,9.534046264950664,6.917974745308676,0.001362773137965249,0.0,50000000.0,2.2272727272727275,165971164.42286542,275000000.0,1659711644.2286541,False,120.0
120.0,12,52bb211583b2,SAT-004,Delhi,False,,,36.958726627913975,47.76858529102843,931.635586002151,53.041273372086025,15.119667364893758,15.119667364893758,-300.0,5.94052209620125e-09,0.0,50000000.0,5,0.0,253317894.54966557,0.0,False,0.0
120.0,12,52bb211583b2,SAT-101,Bengaluru-ISTRAC,False,,,84.09404409021832,77.12517433971558,602.9241841382876,5.905955909781682,24.939037627063627,24.939037627063627,-300.0,4.382839980311772e-70,0.0,50000000.0,5,0.0,275000000.0,0.0,False,0.0
120.0,12,52bb211583b2,SAT-102,Bengaluru-ISTRAC,True,1,0,65.12728585649553,129.99208157035144,655.3344091760443,24.872714143504467,18.023710329449784,13.0557962086022,3.3021092601688,3.4683397590079255e-06,0.0,50000000.0,1.3636363636363638,220335741.88108066,275000000.0,2203357418.8108068,False,120.0
120.0,12,52bb211583b2,SAT-104,Bengaluru-ISTRAC,False,,,36.42477307570503,137.49398749564563,941.03415804486,53.57522692429497,17.955590409875967,17.955590409875967,-300.0,1.3638277268143897e-15,0.0,50000000.0,5,0.0,275000000.0,0.0,False,0.0
120.0,12,52bb211583b2,SAT-200,Ahmedabad-SAC,True,0,0,67.74016805548219,206.05151732505985,643.7058589606509,22.259831944517813,16.680465760334243,13.482426264861715,0.367698536098781,1.1679750064633618e-06,3.0,50000000.0,3.9545454545454546,227103008.90920407,275000000.0,1816824071.2736325,True,0.0
120.0,12,52bb211583b2,SAT-201,Delhi,False,,,32.985607603504235,213.61890420877972,1007.6127588382376,57.014392396495765,13.826259368586094,13.826259368586094,-300.0,4.4934201046177326e-07,0.0,50000000.0,5,0.0,232577881.52656293,0.0,False,0.0
120.0,12,52bb211583b2,SAT-201,Ahmedabad-SAC,False,,,84.14081114340702,123.81910050002138,602.8778852098395,5.859188856592979,18.92444986143947,18.92444986143947,-300.0,4.99041608686467e-19,3.0,50000000.0,5,0.0,275000000.0,0.0,False,0.0
120.0,12,52bb211583b2,SAT-202,Delhi,False,,,43.360697490643375,210.05405523091733,835.284467690562,46.639302509356625,16.879367478908193,16.879367478908193,-300.0,1.4569472574269978e-12,0.0,50000000.0,5,0.0,275000000.0,0.0,False,0.0
120.0,12,52bb211583b2,SAT-202,Ahmedabad-SAC,True,2,0,66.57869481106198,54.26194028726558,648.6763348866208,23.42130518893802,16.534869651648236,13.293925505790508,0.4496546228480277,1.913365205783662e-06,3.0,50000000.0,3.9545454545454546,224109300.82491007,275000000.0,2241093008.2491007,False,80.0
120.0,12,52bb211583b2,SAT-204,Delhi,True,1,0,74.1876871661891,171.71608839954573,621.4592520169687,15.812312833810907,17.966133585961785,13.72576707914255,2.1875327976849683,5.985765449314548e-07,0.0,50000000.0,2.2272727272727275,230975893.93198684,275000000.0,2309758939.3198686,False,40.0
120.0,12,52bb211583b2,SAT-204,Ahmedabad-SAC,False,,,37.21692021481732,45.28066157361604,927.1745093890197,52.78307978518268,10.237943910332461,10.237943910332461,-300.0,0.0005768150082524474,3.0,50000000.0,5,0.0,176573271.30246127,0.0,False,0.0
120.0,12,52bb211583b2,SAT-205,Delhi,True,3,0,72.43667172357267,86.39884371328377,626.6465450980212,17.563328276427328,17.839334278217578,10.240873263738706,6.769093848004593,0.0005745952763394912,0.0,50000000.0,2.2272727272727275,176617720.30655602,275000000.0,1412941762.4524481,True,0.0
120.0,12,52bb211583b2,SAT-206,Delhi,False,,,55.703633085359655,61.531615065839986,712.2775507331423,34.296366914640345,19.3814740189315,19.3814740189315,-300.0,6.233569823112378e-21,0.0,50000000.0,5,0.0,275000000.0,0.0,False,0.0
120.0,12,52bb211583b2,SAT-207,Delhi,False,,,41.931603143222404,54.34509359966675,854.4191973355229,48.068396856777596,16.517728731776927,16.517728731776927,-300.0,1.0630196752217733e-11,0.0,50000000.0,5,0.0,275000000.0,0.0,False,0.0
120.0,12,52bb211583b2,SAT-208,Delhi,False,,,31.954919339927653,51.050864356534994,1029.8024771932223,58.045080660072344,13.46163421394273,13.46163421394273,-300.0,1.2345825231316927e-06,0.0,50000000.0,5,0.0,226772518.28673178,0.0,False,0.0
120.0,12,52bb211583b2,SAT-300,Guwahati,True,2,0,67.7259957925059,259.3311720425861,643.7646386437053,22.2740042074941,16.310223927150275,13.011999036031307,0.557942330861644,3.856293088423492e-06,0.5,50000000.0,3.090909090909091,219642748.62529716,275000000.0,2196427486.2529716,False,10.0
120.0,12,52bb211583b2,SAT-301,Guwahati,False,,,75.71190338596135,330.8587475573196,617.4333801708375,14.28809661403865,19.061200946046384,19.061200946046384,-300.0,1.4099689826623362e-19,0.5,50000000.0,5,0.0,275000000.0,0.0,False,0.0
120.0,12,52bb211583b2,SAT-302,Guwahati,True,1,0,61.2994876305306,16.380284954850445,675.4318164964535,28.7005123694694,16.613429918508984,13.160970169722258,0.843433453437475,2.6773436365446037e-06,0.5,50000000.0,3.9545454545454546,222001227.12534446,275000000.0,2220012271.2534447,False,120.0
130.0,13,52bb211583b2,SAT-002,Delhi,True,0,0,60.536007652965246,53.30676605054481,679.9093430859765,29.463992347034754,16.588453330859693,6.755597871971645,9.356305538487529,0.014754975164166594,0.0,50000000.0,2.2272727272727275,126022561.28209814,275000000.0,1260225612.8209815,False,130.0
130.0,13,52bb211583b2,SAT-102,Bengaluru-ISTRAC,True,1,,59.64768169020586,133.07232104937893,685.3274951632753,30.352318309794143,17.335323128041978,17.335323128041978,-300.0,9.326757188445409e-14,0.0,50000000.0,1.3636363636363638,275000000.0,275000000.0,2750000000.0,False,130.0
130.0,13,52bb211583b2,SAT-200,Ahmedabad-SAC,True,0,0,73.8298268281562,201.18622061809577,622.4698951667419,16.1701731718438,17.311014841473607,16.469171085290895,-6.697809060516656,1.3713789597949051e-11,3.0,50000000.0,3.9545454545454546,275000000.0,275000000.0,2750000000.0,False,10.0
130.0,13,52bb211583b2,SAT-202,Delhi,False,,,47.22191507809071,208.73975266177882,789.3256071431471,42.77808492190929,17.776060276192766,17.776060276192766,-300.0,4.927784708477531e-15,0.0,50000000.0,5,0.0,275000000.0,0.0,False,0.0
130.0,13,52bb211583b2,SAT-202,Ahmedabad-SAC,True,2,0,61.0154570190675,50.669252759978406,677.0785046721719,28.984542980932503,16.574280947518645,15.593210421068697,-5.961075166561695,8.67315845273487e-10,3.0,50000000.0,4.818181818181818,260960532.35375267,275000000.0,2609605323.5375266,False,90.0
130.0,13,52bb211583b2,SAT-204,Delhi,True,1,0,77.52497889892979,147.60150117626625,613.2192762059548,12.475021101070212,18.16950831015329,13.942973369698276,2.1653215256473795,3.1944440861609943e-07,0.0,50000000.0,2.2272727272727275,234440315.8787406,275000000.0,2344403158.787406,False,50.0
130.0,13,52bb211583b2,SAT-204,Ahmedabad-SAC,False,,,34.311416236286654,44.62301386905513,980.6458144475165,55.688583763713346,8.954951864341751,8.954951864341751,-300.0,0.0025251827335465507,3.0,50000000.0,5,0.0,157376038.57549375,0.0,False,0.0
130.0,13,52bb211583b2,SAT-205,Delhi,True,3,0,67.65813674692336,73.97944754684195,644.0467190122957,22.34186325307664,17.42070696165132,9.241005667276209,7.46332582967389,0.0018796753177770676,0.0,50000000.0,2.2272727272727275,161606511.72165123,275000000.0,1616065117.2165122,False,10.0
130.0,13,52bb211583b2,SAT-206,Delhi,True,2,0,51.209614393053755,58.27492689253004,749.4709201061806,38.790385606946245,16.500313504212755,7.9230735369481256,7.9284630196338615,0.006391861747690537,0.0,50000000.0,3.090909090909091,142387783.15469804,275000000.0,1139102265.2375844,True,0.0
130.0,13,52bb211583b2,SAT-207,Delhi,False,,,38.63207673329035,52.88830386206015,903.6538852673402,51.36792326670965,15.615639583587239,15.615639583587239,-300.0,7.876824859706711e-10,0.0,50000000.0,5,0.0,261323096.97920784,0.0,False,0.0
130.0,13,52bb211583b2,SAT-300,Guwahati,True,2,0,72.07748156652532,273.0529156545038,627.786809490483,17.92251843347468,16.709214425921374,15.783229126480329,-6.240586203796098,3.776295592867969e-10,0.5,50000000.0,3.090909090909091,264033727.67244932,275000000.0,2640337276.724493,False,20.0
130.0,13,52bb211583b2,SAT-302,Guwahati,True,1,0,56.3719269754916,20.706097822720697,707.3613801256234,33.6280730245084,16.727469088935663,15.804983073638411,-6.258840866810385,3.425564584075037e-10,0.5,50000000.0,4.818181818181818,264385780.39889702,275000000.0,2643857803.9889703,False,130.0
140.0,14,52bb211583b2,SAT-002,Delhi,True,0,0,55.42099834584114,51.01906411378159,714.4019473082778,34.57900165415886,17.24644197202224,6.895505718638832,9.93065979970312,0.013485063439645053,0.0,50000000.0,3.090909090909091,127946714.66071512,275000000.0,1279467146.6071513,False,140.0
140.0,14,52bb211583b2,SAT-102,Bengaluru-ISTRAC,True,1,,54.5937081672789,135.10769131274313,720.7784002079869,35.4062918327211,16.554614463270752,16.554614463270752,-300.0,8.743806721916342e-12,0.0,50000000.0,1.3636363636363638,275000000.0,275000000.0,2750000000.0,False,140.0
140.0,14,52bb211583b2,SAT-200,Ahmedabad-SAC,True,0,0,79.98790141760166,189.89131499341795,608.4635606816362,10.012098582398337,16.664736475392743,15.26824123637496,-4.210506581923709,3.3199556081966096e-09,3.0,50000000.0,3.090909090909091,255713211.6254043,275000000.0,2557132116.254043,False,20.0
140.0,14,52bb211583b2,SAT-202,Delhi,False,,,51.48274618934654,207.01842553328171,746.990995457788,38.51725381065346,18.640930962672684,18.640930962672684,-300.0,6.0705519907828785e-18,0.0,50000000.0,5,0.0,275000000.0,0.0,False,0.0
140.0,14,52bb211583b2,SAT-202,Ahmedabad-SAC,True,2,0,55.85561681115354,48.355724126761004,711.1463750256695,34.14438318884646,18.791592666822723,17.8840237242807,-6.337362773353689,2.2902350205822926e-15,3.0,50000000.0,10,275000000.0,264002392.0775033,2750000000.0,False,100.0
140.0,14,52bb211583b2,SAT-204,Delhi,True,1,0,77.72378126645359,115.52160182137905,612.7944274248423,12.276218733546415,18.180060290346006,13.79227898605574,2.4216627368300165,4.954516990160734e-07,0.0,50000000.0,2.2272727272727275,232036020.02978188,275000000.0,2320360200.2978187,False,60.0
140.0,14,52bb211583b2,SAT-204,Ahmedabad-SAC,False,,,31.676728772698798,44.07550489362367,1035.9847482437383,58.323271227301205,7.648093169034198,7.648093169034198,-300.0,0.007929335801070506,3.0,50000000.0,5,0.0,138472475.7673317,0.0,False,0.0
140.0,14,52bb211583b2,SAT-205,Delhi,True,3,0,62.58628837009695,66.39208610781331,668.2478354340681,27.413711629903048,16.854766553039894,7.791846954369469,8.487555165106844,0.007095224983875202,0.0,50000000.0,2.2272727272727275,140514900.96041238,275000000.0,1405149009.6041238,False,20.0
140.0,14,52bb211583b2,SAT-206,Delhi,True,2,0,47.06742558931211,55.85517169252794,791.0163232543434,42.93257441068789,16.72359298093386,7.159075508843548,9.05574590961649,0.011300897663476295,0.0,50000000.0,3.9545454545454546,131600066.444048,275000000.0,1316000664.44048,False,10.0
140.0,14,52bb211583b2,SAT-207,Delhi,False,,,35.63467797976429,51.699942477135345,955.3814441709296,54.36532202023571,14.707445372402475,14.707445372402475,-300.0,2.706796516191911e-08,0.0,50000000.0,5,0.0,246685075.64920205,0.0,False,0.0
140.0,14,52bb211583b2,SAT-300,Guwahati,False,,,75.01650054492059,294.2367317677157,619.2145555919677,14.98349945507941,19.015664059060526,19.015664059060526,-300.0,2.1572347961801527e-19,0.5,50000000.0,5,0.0,275000000.0,0.0,False,0.0
140.0,14,52bb211583b2,SAT-302,Guwahati,True,1,0,51.77216186688236,23.756916360703922,744.3959162050094,38.22783813311764,19.06907887473959,18.03053559405674,-5.683982463296474,7.85346131499152e-16,0.5,50000000.0,10,275000000.0,268496339.0985361,2750000000.0,False,140.0
150.0,15,52bb211583b2,SAT-002,Delhi,True,0,0,50.74915151801391,49.42151566987681,753.720566774741,39.25084848198609,16.411917159020675,5.1133322022188725,10.963966958894485,0.035801490763347,0.0,50000000.0,3.090909090909091,104303276.40640654,275000000.0,1043032764.0640653,False,150.0
150.0,15,52bb211583b2,SAT-102,Bengaluru-ISTRAC,True,1,,49.98981995363424,136.5506480278936,760.9213313228081,40.01018004636576,17.8399576018747,17.8399576018747,-300.0,3.138253792603952e-15,0.0,50000000.0,2.2272727272727275,275000000.0,275000000.0,2750000000.0,False,150.0
150.0,15,52bb211583b2,SAT-200,Delhi,False,,,32.130094194079625,214.5769419483279,1025.952345040078,57.869905805920375,13.524509802342067,13.524509802342067,-300.0,1.0431354395604948e-06,0.0,50000000.0,5,0.0,227772136.2666419,0.0,False,0.0
150.0,15,52bb211583b2,SAT-200,Ahmedabad-SAC,False,,,84.88326339654432,150.6307698229642,602.1928150431858,5.116736603455678,18.945482157105204,18.945482157105204,-300.0,4.119259848515522e-19,3.0,50000000.0,5,0.0,275000000.0,0.0,False,0.0
150.0,15,52bb211583b2,SAT-202,Delhi,False,,,56.155795176475706,204.6745385927565,708.9350117843852,33.844204823524294,19.45439634380233,19.45439634380233,-300.0,2.966800432792856e-21,0.0,50000000.0,5,0.0,275000000.0,0.0,False,0.0
150.0,15,52bb211583b2,SAT-202,Ahmedabad-SAC,True,2,0,51.14033908216059,46.74861996705087,750.1047180509735,38.85966091783941,17.733592265773154,16.70200589503736,-5.71678900498787,3.940465254091376e-12,3.0,50000000.0,10,275000000.0,246939690.56582373,2750000000.0,False,110.0
150.0,15,52bb211583b2,SAT-204,Delhi,True,1,0,74.64634481336086,90.15997161856158,620.2005778163553,15.353655186639145,17.997043103805808,13.115942284810762,3.174106975625876,2.9933211279270605e-06,0.0,50000000.0,2.2272727272727275,221287956.78225538,275000000.0,2212879567.8225536,False,70.0
150.0,15,52bb211583b2,SAT-205,Delhi,True,3,0,57.62454119623131,61.44168463728604,698.5407039634235,32.37545880376869,17.594230929070022,8.381675110134603,8.657977874621784,0.004335952803661727,0.0,50000000.0,3.090909090909091,148993764.6672716,275000000.0,1489937646.6727161,False,30.0
150.0,15,52bb211583b2,SAT-206,Delhi,True,2,0,43.28548563579292,53.994149062421826,836.2610381615139,46.71451436420708,16.699883256312887,6.8061529795246445,9.424185493363519,0.014287086941684166,0.0,50000000.0,4.818181818181818,126716614.64008135,275000000.0,1267166146.4008136,False,20.0
150.0,15,52bb211583b2,SAT-207,Delhi,False,,,32.90951721902219,50.713723904726486,1009.2132863495247,57.09048278097781,13.79977426571024,13.79977426571024,-300.0,4.849210425556297e-07,0.0,50000000.0,5,0.0,232155527.47018772,0.0,False,0.0
150.0,15,52bb211583b2,SAT-302,Guwahati,True,1,,47.54661086841021,26.01509803498892,785.8098309563522,42.45338913158979,18.179031800390163,18.179031800390163,-300.0,2.558069438365225e-16,0.5,50000000.0,10,275000000.0,254108648.5852525,2750000000.0,False,150.0
160.0,16,52bb211583b2,SAT-002,Delhi,True,0,0,46.51596276427334,48.24658057876454,797.1472128616916,43.48403723572666,16.60176546487159,3.551518418488749,12.829575433693192,0.06614447851219907,0.0,50000000.0,3.9545454545454546,85363786.7407845,275000000.0,853637867.407845,False,160.0
160.0,16,52bb211583b2,SAT-102,Bengaluru-ISTRAC,True,1,,45.824472149571335,137.6266160158721,805.0508876685919,44.175527850428665,16.95260760965732,16.95260760965732,-300.0,9.547653364188272e-13,0.0,50000000.0,2.2272727272727275,275000000.0,275000000.0,2750000000.0,False,160.0
160.0,16,52bb211583b2,SAT-202,Delhi,False,,,61.22092773962739,201.3147885039275,675.8850329498974,28.779072260372608,20.19186874392105,20.19186874392105,-300.0,7.792582010103343e-25,0.0,50000000.0,5,0.0,275000000.0,0.0,False,0.0
160.0,16,52bb211583b2,SAT-202,Ahmedabad-SAC,True,2,,46.86681853468439,45.57076724040486,793.2291682551225,43.13318146531561,16.597662155305557,16.597662155305557,-300.0,6.9468763078846855e-12,3.0,50000000.0,10,275000000.0,228772000.85978827,2750000000.0,False,120.0
160.0,16,52bb211583b2,SAT-204,Delhi,True,1,0,69.92985963659387,75.33383311537216,635.1628356564174,20.070140363406125,17.633171454723126,12.216921468806241,3.9451588356134177,2.2349227854187225e-05,0.0,50000000.0,2.2272727272727275,207123359.12050256,275000000.0,2071233591.2050257,False,80.0
160.0,16,52bb211583b2,SAT-205,Delhi,True,3,0,52.95059354998629,58.007232197548845,734.1683719352293,37.04940645001371,16.822163597836408,6.254880187675724,10.168398530509435,0.019955003584126108,0.0,50000000.0,3.090909090909091,119226066.00068839,275000000.0,1192260660.0068839,False,40.0
160.0,16,52bb211583b2,SAT-206,Delhi,True,2,0,39.84839779538446,52.52252811962533,884.6329351948893,50.15160220461554,18.96980880978603,8.388564252838062,10.183700330146008,0.004309506570564293,0.0,50000000.0,10,149093696.69961253,266887819.06134343,1490936966.9961252,False,30.0
160.0,16,52bb211583b2,SAT-207,Delhi,False,,,30.426851357868944,49.88331852362412,1064.8247591029806,59.57314864213106,12.896845036987102,12.896845036987102,-300.0,5.071533385790171e-06,0.0,50000000.0,5,0.0,217822286.35914987,0.0,False,0.0
160.0,16,52bb211583b2,SAT-302,Guwahati,True,1,,43.69809775304684,27.751300718286465,830.9440299323081,46.30190224695316,17.248882182119445,17.248882182119445,-300.0,1.605441742958803e-13,0.5,50000000.0,10,275000000.0,239165998.58494946,2750000000.0,False,160.0
170.0,17,52bb211583b2,SAT-002,Delhi,True,0,0,42.695055137702795,47.3485698565027,844.0434585074769,47.304944862297205,16.552147669464773,3.261694015765153,13.0819456963735,0.07273184355087947,0.0,50000000.0,4.818181818181818,82058515.9430389,275000000.0,820585159.4303889,False,170.0
170.0,17,52bb211583b2,SAT-102,Bengaluru-ISTRAC,True,1,,42.06764226309488,138.45992802363284,852.5439967743043,47.93235773690512,17.46404528112609,17.46404528112609,-300.0,4.072230130711196e-14,0.0,50000000.0,3.090909090909091,275000000.0,275000000.0,2750000000.0,False,170.0
170.0,17,52bb211583b2,SAT-202,Delhi,False,,,66.59364174423531,196.15242148437028,648.6103787520644,23.406358255764687,20.824535797134672,20.824535797134672,-300.0,2.0017610739761276e-28,0.0,50000000.0,5,0.0,275000000.0,0.0,False,0.0
170.0,17,52bb211583b2,SAT-202,Ahmedabad-SAC,True,2,,43.009446397572965,44.672610023423296,839.8737014453162,46.990553602427035,15.404275326328332,15.404275326328332,-300.0,1.9154327666727934e-09,3.0,50000000.0,10,257908439.34212306,209900807.46960407,2579084393.421231,False,130.0
170.0,17,52bb211583b2,SAT-204,Delhi,True,1,0,64.7469680184246,66.72276739024834,657.1635056866938,25.253031981575404,17.111695761030006,11.222438193115787,4.595191639164256,0.00013622796796026738,0.0,50000000.0,2.2272727272727275,191648815.94643995,275000000.0,1916488159.4643996,False,90.0
170.0,17,52bb211583b2,SAT-205,Delhi,True,3,0,48.634731007512556,55.50359498134695,774.3910822117214,41.365268992487444,17.057919137194204,6.124905082296631,10.56774019226146,0.021476746229397416,0.0,50000000.0,3.9545454545454546,117485694.56983669,275000000.0,1174856945.6983669,False,50.0
170.0,17,52bb211583b2,SAT-206,Delhi,True,2,0,36.72947056353613,51.33220432227399,935.642109526774,53.27052943646387,18.05987281015409,6.720992324551032,11.007473828280999,0.015081178171684334,0.0,50000000.0,10,125548284.21353923,252188670.43425694,1255482842.1353922,False,40.0
170.0,17,52bb211583b2,SAT-302,Guwahati,True,1,,40.207281311130174,29.1272327558127,879.2208653163423,49.792718688869826,16.29416576558654,16.29416576558654,-300.0,3.356794496225724e-11,0.5,50000000.0,10,272313943.8440607,223949697.2124203,2723139438.440607,False,170.0
180.0,18,52bb211583b2,SAT-002,Delhi,True,0,0,39.24994535261311,46.641635794682195,893.8584572006616,50.75005464738689,18.80232249269143,5.31477245253774,13.288508663225851,0.032598468191713505,0.0,50000000.0,10,106874961.61818352,264176029.44562772,1068749616.1818352,False,180.0
180.0,18,52bb211583b2,SAT-102,Bengaluru-ISTRAC,True,1,,38.681162443530155,139.12459689450426,902.8654411095714,51.318837556469845,16.540944753210354,16.540944753210354,-300.0,9.402093970917998e-12,0.0,50000000.0,3.090909090909091,275000000.0,275000000.0,2750000000.0,False,180.0
180.0,18,52bb211583b2,SAT-202,Delhi,False,,,72.05251525311621,187.43530718444563,627.867044856476,17.947484746883788,21.32160206386176,21.32160206386176,-300.0,1.2395436091116167e-31,0.0,50000000.0,5,0.0,275000000.0,0.0,False,0.0
180.0,18,52bb211583b2,SAT-202,Ahmedabad-SAC,True,2,,39.53193115848922,43.966619499841414,889.4798409690018,50.46806884151078,14.168432186591119,14.168432186591119,-300.0,1.6107229181110138e-07,3.0,50000000.0,10,238043474.80267215,190656184.99332094,2380434748.0267215,False,140.0
180.0,18,52bb211583b2,SAT-204,Delhi,True,1,0,59.61634789953865,61.32981534301443,685.5227822222266,30.383652100461347,16.461676079072262,9.57656232131812,5.889468725722149,0.00129845926797746,0.0,50000000.0,2.2272727272727275,166606911.24413618,275000000.0,1666069112.441362,False,100.0
180.0,18,52bb211583b2,SAT-205,Delhi,True,3,0,44.692527562395476,53.60593247346366,818.5274813346379,45.307472437604524,17.040690984398395,4.356303859848348,12.4437732030686,0.04934285199340361,0.0,50000000.0,4.818181818181818,94894087.02258612,275000000.0,948940870.2258612,False,60.0
180.0,18,52bb211583b2,SAT-206,Delhi,True,2,0,33.89780189221033,50.35127005602252,988.8752538664921,56.10219810778967,17.148841358980903,3.441854667523814,13.51796909115275,0.06860611163287696,0.0,50000000.0,10,84105017.63328664,237565372.32795343,841050176.3328664,False,50.0
180.0,18,52bb211583b2,SAT-302,Guwahati,True,1,,37.04459667557583,30.2447917945389,930.1459392995815,52.95540332442417,15.326123212721697,15.326123212721697,-300.0,2.632608323045725e-09,0.5,50000000.0,10,256647033.33117208,208674058.742889,2566470333.311721,False,180.0
190.0,19,52bb211583b2,SAT-002,Delhi,True,0,0,36.14098500270144,46.07200506743157,946.1260900633152,53.85901499729856,17.877504873710265,7.873245386183125,9.547157600536657,0.006652558317077196,0.0,50000000.0,10,141675692.48032454,249253328.34936896,1416756924.8032453,False,190.0
190.0,19,52bb211583b2,SAT-102,Bengaluru-ISTRAC,True,1,,35.62483305693343,139.6673662666287,955.5636124714838,54.37516694306657,16.685578013616052,16.685578013616052,-300.0,4.3122270682158956e-12,0.0,50000000.0,3.9545454545454546,275000000.0,275000000.0,2750000000.0,False,190.0
190.0,19,52bb211583b2,SAT-202,Delhi,False,,,77.02541234544225,170.9710054201968,614.319107492568,12.974587654557752,21.654188175596943,21.654188175596943,-300.0,5.418441904161691e-34,0.0,50000000.0,5,0.0,275000000.0,0.0,False,0.0
190.0,19,52bb211583b2,SAT-202,Ahmedabad-SAC,True,2,,36.39448051430979,43.39825558046378,941.5744553298484,53.60551948569021,12.900383648040076,12.900383648040076,-300.0,5.029540361097302e-06,3.0,50000000.0,10,217878193.25279352,171313803.17468888,2178781932.527935,False,150.0
190.0,19,52bb211583b2,SAT-204,Delhi,False,,,54.758902267275936,57.69787522588726,719.4860650546904,35.241097732724064,19.22520311804186,19.22520311804186,-300.0,2.937410966754817e-20,0.0,50000000.0,5,0.0,275000000.0,0.0,False,0.0
190.0,19,52bb211583b2,SAT-205,Delhi,True,3,0,41.11133369407835,52.12240922221046,865.9747599552226,48.88866630592165,16.141563405173272,4.3589392665045175,11.484538584269298,0.04929173575094591,0.0,50000000.0,4.818181818181818,94926116.82639305,272448090.51265055,949261168.2639306,False,70.0
190.0,19,52bb211583b2,SAT-206,Delhi,False,,,31.32218088381883,49.53018932202079,1043.9867206281028,58.67781911618117,13.231363636314512,13.231363636314512,-300.0,2.243823042342809e-06,0.0,50000000.0,5,0.0,223116986.031761,0.0,False,0.0
190.0,19,52bb211583b2,SAT-302,Guwahati,True,1,,34.17699669750717,31.171111455223585,983.3024355941598,55.82300330249283,14.35245242045508,14.35245242045508,-300.0,8.973997354200806e-08,0.5,50000000.0,10,240989519.58545315,193499471.7536922,2409895195.8545313,False,190.0
200.0,20,52bb211583b2,SAT-002,Delhi,True,0,0,33.329278888169696,45.604317740907184,1000.456582773731,56.670721111830304,16.95533889179464,4.691214443550271,11.99829976303312,0.043065315653873,0.0,50000000.0,10,99005746.82894225,234473294.2489777,990057468.2894225,False,200.0
200.0,20,52bb211583b2,SAT-102,Bengaluru-ISTRAC,True,1,,32.85983504399059,140.11918259663312,1010.2615101992135,57.14016495600941,16.621576195878617,16.621576195878617,-300.0,6.107531999411192e-12,0.0,50000000.0,4.818181818181818,275000000.0,275000000.0,2750000000.0,False,200.0
200.0,20,52bb211583b2,SAT-202,Delhi,False,,,79.99662704580709,139.69813781775846,608.4486545041542,10.003372954192912,21.800340234553914,21.800340234553914,-300.0,4.354416769501171e-35,0.0,50000000.0,5,0.0,275000000.0,0.0,False,0.0
200.0,20,52bb211583b2,SAT-202,Ahmedabad-SAC,True,2,,33.557882165077565,42.93180260144094,995.7616511554054,56.442117834922435,11.606468271336666,11.606468271336666,-300.0,7.098055451799032e-05,3.0,50000000.0,10,197597764.97137988,152114451.31921336,1975977649.7137988,False,160.0
200.0,20,52bb211583b2,SAT-205,Delhi,True,3,0,37.86482908525386,50.933444215188366,916.213759896512,52.13517091474614,18.401901491768967,7.483597352912229,10.551737163058792,0.008968894951769777,0.0,50000000.0,10,136147500.845475,257703835.85948208,1361475008.4547498,False,80.0
200.0,20,52bb211583b2,SAT-302,Guwahati,True,1,,31.57164219867824,31.952105669493967,1038.3420451415373,58.42835780132176,13.378053031960093,13.378053031960093,-300.0,1.5389789855567138e-06,0.5,50000000.0,10,225444682.85685927,178545418.38757214,2254446828.5685925,False,200.0
210.0,21,52bb211583b2,SAT-002,Delhi,True,0,1,30.77870020503468,45.21438450785924,1056.5260920744083,59.22129979496532,16.039840869861848,16.039840869861848,-300.0,1.1594547088972234e-10,0.0,50000000.0,10,268189407.65912235,219920270.22261098,2681894076.5912237,False,210.0
210.0,21,52bb211583b2,SAT-102,Bengaluru-ISTRAC,True,1,,30.35043732628208,140.50133624128614,1066.6461776425588,59.649562673717924,18.878111540927932,18.878111540927932,-300.0,7.591041179408133e-19,0.0,50000000.0,10,275000000.0,265402811.7573514,2750000000.0,False,210.0
210.0,21,52bb211583b2,SAT-202,Delhi,False,,,78.87441510801669,102.26183872889459,610.4775903263404,11.125584891983308,21.74968517111138,21.74968517111138,-300.0,1.0533695164092665e-34,0.0,50000000.0,5,0.0,275000000.0,0.0,False,0.0
210.0,21,52bb211583b2,SAT-202,Ahmedabad-SAC,True,2,,30.98562176979,42.54291002525774,1051.7124121814807,59.01437823021,10.289881843015834,10.289881843015834,-300.0,0.0005385059408697038,3.0,50000000.0,10,177361742.88779983,133282474.42901877,1773617428.8779984,False,170.0
210.0,21,52bb211583b2,SAT-205,Delhi,True,3,0,34.92124686332097,49.961006121969056,968.8050659123893,55.07875313667903,17.48803637219349,17.48803637219349,-300.0,3.4800651842143944e-14,0.0,50000000.0,10,275000000.0,242997776.92699003,2750000000.0,False,90.0
220.0,22,52bb211583b2,SAT-202,Delhi,True,0,0,74.59925036220814,79.31715988255087,620.3279306006333,15.400749637791861,17.993913131920877,17.19062862696626,-6.92131797836208,2.301248569814146e-13,0.0,50000000.0,2.2272727272727275,275000000.0,275000000.0,2200000000.0,True,0.0
220.0,22,52bb211583b2,SAT-205,Delhi,True,3,0,32.24793990988308,49.15217413928864,1023.3806477454116,57.75206009011692,16.576897560302427,15.499510752876901,-5.504302406743631,1.2901736147043487e-09,0.0,50000000.0,10,259446435.2720031,228441607.26715687,2594464352.7200313,False,100.0
230.0,23,52bb211583b2,SAT-202,Delhi,True,0,,69.2673853888653,67.58950486525458,637.6360037153779,20.732614611134693,17.57376076247924,17.57376076247924,-300.0,1.9709876771268508e-14,0.0,50000000.0,2.2272727272727275,275000000.0,275000000.0,2750000000.0,False,10.0
240.0,24,52bb211583b2,SAT-202,Delhi,True,0,,63.811694271540055,61.01570031682274,661.8149095730154,26.188305728459945,17.003419064710428,17.003419064710428,-300.0,7.091874466361618e-13,0.0,50000000.0,2.2272727272727275,275000000.0,275000000.0,2750000000.0,False,20.0
250.0,25,52bb211583b2,SAT-202,Delhi,True,0,,58.580537113133076,56.91662265390345,692.1422392012811,31.419462886866924,16.313331502111936,16.313331502111936,-300.0,3.048547485371053e-11,0.0,50000000.0,2.2272727272727275,272624994.3862753,275000000.0,2726249943.862753,False,30.0
260.0,26,52bb211583b2,SAT-202,Delhi,True,0,,53.711302086717325,54.14565345140957,727.8465256141639,36.288697913282675,16.95678917811935,16.95678917811935,-300.0,9.318054474065517e-13,0.0,50000000.0,3.090909090909091,275000000.0,275000000.0,2750000000.0,False,40.0
270.0,27,52bb211583b2,SAT-202,Delhi,True,0,,49.25000899279691,52.15828445728671,768.1745587234801,40.74999100720309,17.18446080511606,17.18446080511606,-300.0,2.390008102573479e-13,0.0,50000000.0,3.9545454545454546,275000000.0,275000000.0,2750000000.0,False,50.0
280.0,28,52bb211583b2,SAT-202,Delhi,True,0,,45.19727072359319,50.66849512032534,812.4338182666287,44.80272927640681,16.301311688657265,16.301311688657265,-300.0,3.2385376012091116e-11,0.0,50000000.0,3.9545454545454546,272429915.01141083,275000000.0,2724299150.114108,False,60.0
290.0,29,52bb211583b2,SAT-202,Delhi,False,,,41.53071401118971,49.51317991949129,860.0129336728911,48.46928598881029,16.413224450357532,16.413224450357532,-300.0,1.8327908866506437e-11,0.0,50000000.0,5,0.0,274246712.66659325,0.0,False,0.0
